Province/State,Country/Region,Lat,Long,1/1/20,1/2/20,1/3/20,1/4/20,1/5/20,1/6/20,1/7/20,1/8/20,1/9/20,1/10/20,1/11/20,1/12/20,1/13/20,1/14/20,1/15/20,1/16/20,1/17/20,1/18/20,1/19/20,1/20/20,1/21/20,1/22/20,1/23/20,1/24/20,1/25/20,1/26/20,1/27/20,1/28/20,1/29/20,1/30/20,1/31/20,2/1/20,2/2/20,2/3/20,2/4/20,2/5/20,2/6/20,2/7/20,2/8/20,2/9/20,2/10/20,2/11/20,2/12/20,2/13/20,2/14/20,2/15/20,2/16/20,2/17/20,2/18/20,2/19/20,2/20/20,2/21/20,2/22/20,2/23/20,2/24/20,2/25/20,2/26/20,2/27/20,2/28/20,2/29/20,3/1/20,3/2/20,3/3/20,3/4/20,3/5/20,3/6/20,3/7/20,3/8/20,3/9/20,3/10/20,3/11/20,3/12/20,3/13/20,3/14/20,3/15/20,3/16/20,3/17/20,3/18/20,3/19/20,3/20/20,3/21/20,3/22/20,3/23/20,3/24/20,3/25/20,3/26/20
,Afghanistan,33.0,65.0,63,98,80,71,95,88,60,44,34,37,82,97,81,62,59,54,57,48,62,77,81,69,67,91,76,69,67,53,44,45,55,59,55,88,57,52,51,41,48,53,89,95,97,75,47,49,43,42,51,56,41,54,56,64,70,62,59,73,83,74,62,47,66,73,81,61,56,52,70,83,56,61,57,43,46,60,68,67,67,84,61,67,96,90,73,70
,Albania,41.1533,20.1683,59,53,51,47,64,51,42,37,47,49,69,84,79,79,69,59,59,67,81,69,48,49,46,55,84,88,95,93,96,89,73,85,86,88,88,85,72,64,72,76,87,90,92,73,83,75,65,63,68,79,85,67,62,55,60,63,77,93,91,69,66,83,80,95,87,77,95,95,93,84,74,70,67,72,92,70,56,52,52,55,61,67,95,90,80,72
,Algeria,28.0339,1.6596,40,37,30,28,27,24,44,36,33,46,47,57,48,44,43,53,50,38,30,17,16,18,25,21,21,28,26,36,25,14,11,13,26,32,30,25,27,13,10,10,9,10,15,37,20,18,16,18,26,22,19,13,14,15,32,20,12,10,16,12,7,4,8,14,14,7,17,17,16,14,18,21,15,9,5,6,8,14,14,14,21,19,9,16,27,36
,Andorra,42.5063,1.5218,36,38,45,57,28,39,40,64,72,74,33,20,25,28,37,65,84,48,60,56,67,93,94,82,91,93,80,85,60,88,89,74,69,59,64,27,27,28,46,75,67,68,77,85,64,56,43,56,61,44,28,32,19,23,24,36,54,64,73,79,85,84,74,71,90,66,65,53,70,67,32,49,85,77,77,98,93,84,66,63,65,86,90,75,86,74
,Angola,-11.2027,17.8739,87,91,97,96,88,91,91,93,87,99,95,79,70,85,74,78,86,84,69,77,88,90,85,94,91,90,96,92,96,88,95,90,94,89,88,87,74,82,83,96,90,90,78,73,92,96,86,80,77,92,85,81,93,90,91,83,90,89,83,78,67,68,80,78,79,88,78,85,91,90,95,91,88,94,89,80,85,81,77,75,86,84,78,85,82,97
,Antigua and Barbuda,17.0608,-61.7964,79,78,78,76,77,76,74,76,78,77,73,76,76,75,78,75,76,77,79,81,77,78,76,78,82,79,80,76,76,76,77,75,78,76,75,75,79,77,76,74,77,75,76,78,75,79,81,80,79,75,75,74,74,76,71,78,79,79,74,75,77,74,71,75,77,72,74,75,68,70,74,74,76,76,76,77,71,70,76,74,76,78,81,80,81,74
,Argentina,-38.4161,-63.6167,71,62,44,43,49,55,34,21,37,19,23,20,28,51,41,10,15,19,31,28,40,47,41,39,33,21,25,33,30,39,27,24,35,28,49,82,52,82,63,65,55,40,32,37,74,46,17,20,50,35,20,30,50,46,38,33,34,35,23,37,41,36,24,27,25,31,47,38,17,40,44,73,61,61,24,49,45,76,76,48,44,38,53,41,47,54
,Armenia,40.0691,45.0382,87,90,96,94,89,80,76,76,89,85,77,78,83,60,56,80,85,60,93,90,75,74,81,82,63,71,70,70,78,88,87,98,82,82,93,95,90,93,99,85,80,74,84,95,81,61,81,95,92,92,99,97,92,96,97,92,48,51,56,89,97,96,84,56,46,47,77,85,56,36,60,77,76,99,96,99,100,100,98,95,96,93,71,88,95,87
Australian Capital Territory,Australia,-35.4735,149.0124,53,55,55,38,66,84,68,75,76,62,65,71,65,70,72,76,86,76,77,81,69,59,41,48,64,51,61,55,64,52,34,37,52,44,46,68,79,80,85,94,93,87,83,95,88,87,91,93,84,70,71,80,83,76,74,74,62,57,53,72,61,46,83,98,100,91,84,89,86,83,82,78,78,78,68,77,78,70,68,56,73,66,70,83,76,75
New South Wales,Australia,-33.8688,151.2093,72,72,81,60,70,76,83,82,83,78,75,76,71,77,76,81,92,89,86,85,64,75,49,71,84,83,85,81,78,74,80,67,81,75,64,66,77,91,91,94,89,85,93,92,77,79,82,88,81,55,64,71,79,69,75,74,65,68,62,67,77,60,76,85,88,86,77,74,76,70,68,66,68,82,76,79,73,71,66,56,73,73,73,76,82,78
Northern Territory,Australia,-12.4634,130.8456,76,76,73,72,75,78,75,74,85,93,90,84,82,80,78,77,78,77,80,82,84,87,84,83,82,78,79,82,80,79,76,75,77,78,77,79,75,74,74,80,78,81,78,80,79,80,82,82,82,81,81,80,80,80,77,78,82,88,86,85,84,82,81,80,78,77,86,88,89,80,79,75,76,77,77,70,72,79,73,73,73,74,74,84,83,79
Queensland,Australia,-28.0167,153.4,73,75,70,69,70,74,76,70,71,75,78,86,69,82,82,81,81,91,88,84,77,80,86,85,89,81,76,81,80,77,73,72,74,73,86,80,94,90,90,89,85,87,91,93,83,84,82,79,79,81,76,78,72,75,84,85,86,84,81,79,73,74,77,84,75,83,82,74,87,84,69,75,71,71,73,66,68,68,68,71,75,79,82,74,73,70
South Australia,Australia,-34.9285,138.6007,56,52,20,65,71,54,48,36,27,72,57,59,42,43,64,61,56,63,73,78,61,55,66,67,72,73,68,57,33,14,57,88,69,66,51,56,57,61,60,55,60,70,79,77,81,74,70,60,71,60,66,63,57,47,45,64,68,65,71,69,59,66,62,65,74,74,65,63,56,52,53,43,70,60,60,50,32,28,40,71,72,69,54,56,67,63
Tasmania,Australia,-41.4545,145.9707,78,73,67,76,60,68,73,59,81,99,84,73,79,81,90,83,69,77,88,98,84,92,100,91,99,87,82,94,84,46,47,83,89,82,77,77,86,86,85,84,89,100,94,90,99,96,74,75,95,80,80,81,83,85,81,78,89,95,84,86,99,85,77,94,100,82,79,86,86,88,85,90,97,84,87,96,92,94,89,98,89,86,83,83,91,89
Victoria,Australia,-37.8136,144.9631,53,56,52,42,67,80,78,66,63,57,68,65,54,56,53,74,64,66,72,84,68,48,73,55,56,72,66,65,59,30,26,79,64,57,53,64,70,78,66,60,74,81,80,69,74,87,73,68,84,76,70,69,63,68,75,70,64,56,68,69,59,63,63,73,90,77,70,69,67,68,62,47,52,56,64,60,54,43,48,61,66,69,60,66,64,69
Western Australia,Australia,-31.9505,115.8605,56,66,52,35,31,41,50,61,54,35,33,48,49,52,56,59,66,51,49,53,70,66,67,53,59,55,43,52,71,64,53,47,38,36,27,44,73,74,73,49,38,44,63,54,47,80,66,50,43,45,42,37,62,62,68,67,72,68,68,79,62,47,42,35,44,77,75,69,52,40,45,56,51,60,79,71,74,61,57,50,62,56,47,38,39,48
,Austria,47.5162,14.5501,65,54,66,91,89,57,75,68,73,80,91,57,45,44,44,75,82,90,91,83,49,48,61,56,68,90,86,89,77,74,94,89,92,97,91,89,71,65,70,66,84,83,73,75,92,81,60,72,80,85,79,67,52,78,93,78,90,70,81,70,90,82,91,83,73,95,88,77,83,86,95,83,87,83,65,54,74,84,77,79,96,74,61,65,65,73
,Azerbaijan,40.1431,47.5769,73,71,84,84,70,72,77,70,77,77,82,70,70,60,78,80,78,68,84,79,72,62,49,37,54,44,56,53,52,44,49,80,63,55,37,46,41,35,57,53,50,57,44,45,44,65,52,68,62,56,68,74,82,72,74,46,51,51,42,46,61,78,70,72,71,72,62,64,67,70,67,56,60,60,71,76,75,72,74,78,83,77,65,62,60,54
,Bahamas,25.0343,-77.3963,84,77,75,79,82,67,61,62,61,68,80,82,79,79,72,68,69,73,66,69,76,68,70,69,74,73,69,70,75,77,78,73,82,62,59,67,74,82,82,83,82,79,83,83,78,79,78,75,75,78,79,77,78,71,61,67,75,83,77,65,54,55,62,75,82,86,83,61,57,64,67,73,75,81,79,73,74,75,74,73,74,72,73,73,72,77
,Bahrain,26.0275,50.55,69,64,72,61,82,64,66,66,72,82,62,56,48,50,65,67,68,71,64,73,67,66,71,60,56,57,60,65,63,56,66,67,62,60,62,70,69,56,59,75,64,60,57,63,66,68,71,71,66,59,66,73,72,75,71,66,62,62,67,67,65,67,59,57,63,62,56,61,67,67,72,63,56,59,56,71,69,69,78,73,77,74,49,54,56,64
,Bangladesh,23.685,90.3563,66,73,82,81,82,65,66,71,79,74,76,76,71,73,72,70,70,69,69,67,63,64,66,59,61,64,66,66,69,78,71,56,53,48,53,50,54,49,42,47,47,52,51,51,56,65,64,61,57,56,57,57,53,53,60,75,75,68,56,53,52,56,57,62,64,69,72,68,56,46,42,49,53,51,56,54,46,46,42,44,46,64,61,54,54,50
,Barbados,13.1939,-59.5432,76,77,75,76,77,80,81,76,77,80,75,81,77,78,79,76,77,78,82,75,80,79,85,83,82,81,80,74,82,82,79,81,79,77,77,74,78,77,73,74,76,78,81,79,76,73,74,75,79,85,81,74,75,75,84,80,79,76,76,75,74,77,74,79,71,70,72,75,71,76,75,74,78,78,89,80,76,74,75,77,80,82,79,75,73,75
,Belarus,53.7098,27.9534,81,87,77,87,83,76,87,80,89,92,87,82,87,88,77,78,84,78,80,81,82,85,73,79,81,81,81,84,89,86,91,91,87,79,75,60,73,55,76,79,76,86,86,85,83,80,75,68,74,74,80,77,72,69,75,80,80,84,74,75,77,84,84,82,85,83,86,82,79,81,81,74,66,71,56,50,74,71,70,63,77,59,54,54,50,49
,Belgium,50.8333,4.0,85,88,86,84,85,81,86,92,91,87,82,86,84,78,75,82,79,77,76,81,78,79,81,74,75,85,87,81,76,84,84,86,87,83,81,82,80,71,85,79,79,68,68,82,81,77,76,78,77,79,82,75,71,82,84,80,83,88,80,82,75,86,79,80,92,88,77,84,77,89,89,72,70,79,79,78,66,68,72,78,69,56,47,40,39,43
,Benin,9.3077,2.3158,12,12,12,18,23,30,28,27,26,34,56,54,34,15,17,19,18,20,21,28,31,24,16,9,6,7,11,14,12,5,7,9,7,7,9,12,11,12,10,15,20,12,8,12,12,8,8,10,26,14,21,15,18,15,9,10,16,35,42,31,51,64,64,53,30,47,48,51,55,56,48,46,56,56,50,37,47,49,56,60,65,62,68,79,71,63
,Bhutan,27.5142,90.4336,40,70,88,89,77,40,62,81,74,63,46,42,56,64,64,61,79,74,64,62,59,64,69,53,31,59,75,79,74,82,76,75,71,67,74,84,70,67,67,60,51,70,70,65,81,83,79,86,83,88,92,78,87,80,81,77,91,70,51,63,80,90,88,95,83,81,84,74,71,82,88,79,65,91,86,65,75,89,89,91,89,86,89,77,76,82
,Bolivia,-16.2902,-63.5887,95,91,84,80,75,78,80,97,84,77,74,81,80,89,91,78,68,75,75,74,71,72,88,69,63,63,67,74,84,94,87,81,82,79,78,81,75,83,80,90,96,97,93,87,85,80,76,79,72,70,85,92,83,53,53,67,87,92,69,64,55,52,54,59,56,57,63,62,62,68,70,61,68,66,68,81,92,89,83,78,84,80,78,80,85,83
,Bosnia and Herzegovina,43.9159,17.6791,85,64,48,66,95,85,64,80,55,62,93,91,87,89,74,69,66,62,94,88,64,37,60,46,96,100,96,98,95,74,79,94,94,94,98,94,71,85,84,79,92,88,94,69,97,90,72,50,79,90,85,64,54,41,82,77,91,92,94,82,96,92,96,99,79,94,100,99,97,88,83,67,72,91,82,64,47,64,50,46,53,96,86,99,96,99
,Brazil,-14.235,-51.9253,85,79,84,84,91,96,90,86,82,85,74,79,81,77,72,73,75,72,69,70,76,79,94,96,93,94,89,97,92,87,85,78,76,77,78,89,83,81,94,91,95,92,78,82,83,77,86,84,77,87,86,86,90,82,77,85,86,87,85,86,97,92,94,90,89,91,97,91,88,91,89,95,92,85,88,87,85,79,79,81,93,89,86,88,91,90
,Brunei,4.5353,114.7277,90,88,92,89,85,86,85,88,87,94,99,98,94,98,93,96,91,88,93,86,84,83,80,80,86,93,94,89,95,91,84,86,84,85,94,87,82,83,87,91,88,83,82,85,89,91,94,86,83,83,81,78,77,77,83,82,94,92,93,91,89,91,97,97,100,91,88,86,91,94,88,90,82,87,85,83,84,84,82,92,90,90,93,92,91,92
,Bulgaria,42.7339,25.4858,86,90,74,64,94,95,83,77,69,72,79,98,89,87,82,90,88,82,89,89,78,51,67,66,42,72,93,87,80,80,57,80,80,69,79,98,90,89,80,85,89,93,81,78,93,99,89,86,75,94,100,95,95,70,61,64,74,82,77,88,82,80,81,94,99,88,83,99,98,100,91,79,71,80,99,65,59,72,69,66,73,83,100,100,98,99
,Burkina Faso,12.2383,-1.5616,8,11,9,11,15,19,18,19,15,18,13,14,7,7,9,13,12,9,12,17,19,20,9,6,5,5,5,5,4,4,7,8,7,6,6,6,7,5,6,9,9,5,4,4,4,5,6,6,7,10,9,8,7,7,6,5,6,7,7,6,5,6,7,7,5,3,5,8,5,3,3,3,8,11,15,14,20,41,37,36,23,12,27,51,34,11
,Cabo Verde,16.5388,-23.0418,76,74,75,75,74,71,69,73,70,69,69,69,72,76,76,76,73,73,75,77,78,80,82,83,82,78,82,80,78,81,82,76,75,75,76,78,84,79,79,78,79,79,78,76,79,80,78,78,84,81,81,82,83,82,79,81,83,77,76,78,78,78,78,82,82,82,85,86,83,84,83,81,78,77,78,81,78,75,74,74,76,80,80,76,74,74
,Cambodia,11.55,104.9167,56,60,61,60,56,62,63,68,60,63,72,74,65,56,64,63,61,67,66,64,63,63,64,59,67,67,66,65,69,78,71,64,56,59,62,59,60,55,60,53,55,61,63,64,63,66,66,71,56,50,51,52,49,44,46,56,56,56,56,56,61,64,60,65,65,68,63,67,63,63,65,59,59,57,59,56,56,56,59,56,55,59,60,60,63,61
,Cameroon,3.848,11.5021,76,70,54,51,56,66,64,69,74,74,81,75,71,70,82,73,72,75,76,69,63,56,56,43,33,36,60,68,66,72,77,70,71,81,78,86,79,65,66,75,64,59,68,64,61,62,71,80,81,63,64,70,67,71,70,68,75,76,78,75,80,78,76,86,83,85,87,80,79,80,84,86,82,78,73,78,78,79,84,93,82,79,80,95,89,86
Alberta,Canada,53.9333,-116.5765,73,91,57,78,71,61,73,79,73,69,63,61,54,55,52,48,52,54,53,67,67,72,76,69,80,75,71,70,73,67,59,71,68,70,72,62,74,70,65,76,63,65,87,76,74,79,76,73,70,72,63,55,57,60,57,66,67,68,64,64,87,70,65,68,63,61,79,76,69,55,60,77,75,64,64,54,56,73,82,80,63,66,68,85,83,68
British Columbia,Canada,49.2827,-123.1207,94,85,84,87,82,84,92,95,75,81,93,83,88,66,64,78,81,78,90,92,89,89,92,96,93,91,88,88,89,94,87,95,81,84,83,91,92,92,92,81,78,81,88,87,90,83,94,84,80,76,70,73,72,88,88,72,80,89,91,90,81,83,94,90,72,81,76,80,78,73,82,78,75,56,34,42,56,68,66,68,71,73,79,79,86,76
Grand Princess,Canada,37.6489,-122.6655,81,91,82,82,84,76,75,81,85,82,82,81,78,82,75,78,81,75,75,72,81,91,87,87,93,96,91,91,91,84,92,88,91,73,60,50,74,84,87,80,50,61,69,81,86,83,84,87,80,73,83,80,74,84,86,81,74,76,79,84,78,65,53,79,82,90,87,86,77,75,75,87,87,87,85,74,78,76,76,77,77,79,83,82,76,71
Manitoba,Canada,53.7609,-98.8139,87,84,81,88,84,77,70,60,60,73,62,63,77,78,68,57,55,67,71,61,68,83,75,69,82,85,84,82,82,83,86,87,83,79,61,65,64,56,65,76,81,78,71,50,56,67,57,60,66,56,57,67,74,79,87,76,69,66,72,77,88,81,79,82,85,85,83,68,64,67,62,82,84,68,63,65,73,59,55,56,56,64,79,76,81,74
New Brunswick,Canada,46.5653,-66.4619,83,82,77,86,82,77,70,75,79,62,71,92,80,75,81,81,81,55,56,74,64,59,74,76,76,84,91,83,73,65,60,60,69,75,75,72,61,72,79,65,60,81,85,77,73,54,56,73,70,56,71,52,51,65,75,80,75,76,82,71,69,71,72,87,88,68,61,60,62,71,80,74,65,80,71,62,59,77,61,64,91,59,50,54,81,68
Newfoundland and Labrador,Canada,53.1355,-57.6604,62,78,93,86,81,75,63,54,69,62,57,73,57,55,57,61,56,53,54,57,60,57,67,77,59,63,74,76,75,74,66,67,67,76,82,74,68,60,64,63,59,70,73,76,68,54,55,71,69,60,78,56,56,71,75,70,81,68,62,74,84,80,75,79,82,85,70,68,66,53,55,70,76,72,82,73,57,67,77,61,74,80,63,62,76,79
Nova Scotia,Canada,44.682,-63.7443,82,86,72,83,85,86,69,81,87,73,79,92,89,77,85,85,81,69,66,85,78,67,70,81,81,82,92,87,79,70,64,61,82,78,71,72,64,74,90,67,60,84,84,81,88,67,64,79,81,63,76,55,50,68,74,84,88,85,84,72,77,79,72,88,83,60,50,65,59,70,84,83,68,81,65,50,55,72,63,61,91,56,36,53,83,66
Ontario,Canada,51.2538,-85.3232,74,68,80,75,76,72,72,72,56,63,72,57,56,60,75,63,57,56,72,64,64,70,77,72,75,84,82,79,74,73,71,81,85,86,79,63,65,55,51,56,71,72,76,54,51,56,75,60,64,69,55,56,63,70,76,73,71,63,63,56,56,74,77,80,75,67,63,64,56,62,66,68,80,83,62,62,76,65,64,71,59,52,60,78,77,76
Prince Edward Island,Canada,46.5107,-63.4168,83,89,80,90,89,90,78,83,87,78,81,94,89,78,85,88,84,80,74,86,80,70,74,85,82,85,95,94,93,80,77,71,82,93,82,84,75,80,92,81,71,90,91,90,84,68,68,86,83,75,84,60,62,75,82,89,89,91,89,79,81,95,83,94,95,85,71,78,77,77,83,88,78,84,81,72,82,83,76,72,93,67,62,68,89,86
Quebec,Canada,52.9399,-73.5491,77,83,85,84,79,77,71,69,69,54,71,66,59,60,62,69,61,53,57,64,65,70,80,75,65,69,83,67,59,64,65,71,77,82,86,75,62,67,57,56,67,69,78,71,55,52,66,70,57,70,62,56,71,80,71,79,74,64,60,71,73,72,75,77,75,72,69,66,60,56,63,69,65,71,76,65,64,77,67,66,74,62,62,70,84,78
Saskatchewan,Canada,52.9399,-106.4509,76,88,86,81,81,72,70,56,65,65,55,64,68,56,52,57,51,62,64,62,65,74,84,89,79,89,86,84,88,86,81,72,80,69,67,69,72,68,80,82,75,79,73,54,56,79,62,73,66,57,56,67,70,77,71,74,74,78,79,80,83,73,82,82,85,84,82,74,67,69,74,81,72,63,65,71,68,69,62,64,68,76,76,80,78,80
,Central African Republic,6.6111,20.9394,15,16,19,22,24,25,27,24,18,18,14,12,10,13,17,18,17,14,15,15,11,11,10,10,11,14,18,14,11,12,11,13,17,19,17,21,25,17,18,15,15,14,13,16,15,15,14,26,43,52,41,17,13,11,10,24,18,16,14,15,15,33,43,21,23,27,44,48,45,44,43,44,47,19,28,34,21,44,52,43,61,61,53,56,63,57
,Chad,15.4542,18.7322,16,12,22,20,16,11,8,11,14,10,8,5,6,6,8,17,18,28,18,13,9,10,9,9,8,8,7,5,3,6,5,7,6,8,5,6,7,6,13,8,6,11,7,5,4,5,7,12,12,14,10,9,6,8,12,10,7,6,5,4,4,4,5,5,4,4,4,4,5,7,5,7,16,11,6,6,4,3,5,4,4,5,6,7,6,9
,Chile,-35.6751,-71.543,45,45,62,54,53,52,54,50,60,56,50,48,48,54,56,43,37,40,45,51,54,41,51,66,46,34,51,41,56,49,38,36,55,52,50,59,53,52,48,39,39,53,57,57,46,41,56,60,64,41,47,41,54,66,69,66,49,40,46,53,51,64,70,62,49,45,47,63,48,39,40,53,53,67,51,48,52,59,55,53,48,76,71,65,62,61
Anhui,China,31.8257,117.2264,73,82,86,88,89,92,88,75,86,89,88,77,76,68,83,93,80,74,70,65,81,88,87,83,80,92,83,73,73,68,65,61,56,65,71,73,84,87,80,71,72,80,80,86,92,86,65,56,54,57,61,69,56,59,65,80,73,69,87,83,80,62,68,62,54,74,77,81,90,76,65,71,81,66,51,56,57,57,41,52,73,73,53,60,79,95
Beijing,China,40.1824,116.4142,28,42,46,45,65,78,37,33,49,49,42,46,31,33,39,36,40,53,30,28,37,42,47,48,53,53,55,55,54,48,41,23,54,31,34,56,72,65,51,56,51,56,61,67,76,33,27,34,47,56,71,46,24,33,44,41,45,45,46,72,41,37,34,20,28,51,51,81,67,18,23,21,10,13,22,43,22,17,7,16,21,21,15,28,49,43
Chongqing,China,30.0572,107.874,73,80,74,81,87,95,82,86,82,85,85,80,78,74,76,83,78,79,86,79,76,83,89,89,91,84,77,77,76,73,74,85,90,89,79,82,95,84,79,77,84,82,78,81,89,95,83,70,71,77,82,86,84,81,89,88,90,82,96,86,77,85,92,86,77,83,81,84,94,75,78,75,85,83,78,71,83,73,62,61,73,85,86,81,84,75
Fujian,China,26.0789,117.9874,87,84,86,88,85,84,84,69,75,80,90,84,79,80,84,93,87,82,89,81,84,83,83,92,96,99,87,83,77,71,64,64,87,99,100,95,94,95,89,83,76,80,98,100,100,99,95,69,64,70,67,76,78,69,70,75,72,77,76,77,89,89,90,100,90,90,98,96,99,90,89,100,99,90,72,75,91,100,100,100,93,87,97,97,87,91
Gansu,China,37.8099,101.0583,52,39,51,55,68,74,60,52,71,76,53,52,49,53,72,59,57,57,53,53,48,39,48,56,57,56,52,55,48,48,56,71,56,39,41,42,44,43,48,47,42,39,40,47,60,42,40,48,44,48,61,50,45,42,51,41,56,75,50,68,83,67,59,53,53,42,43,71,62,40,45,74,52,42,61,72,61,60,56,64,74,69,66,52,51,65
Guangdong,China,23.3417,113.4244,66,80,76,71,72,76,79,59,71,75,74,56,61,65,68,79,66,67,75,65,73,80,82,79,78,82,68,62,55,42,36,46,64,82,90,87,81,86,72,68,72,89,87,90,95,94,74,52,48,61,68,67,68,71,73,81,73,73,76,74,76,70,76,90,77,78,89,90,91,72,69,95,95,70,56,66,84,90,94,90,89,79,79,77,77,83
Guangxi,China,23.8298,108.7881,75,86,82,79,74,79,79,78,82,83,75,69,72,85,86,80,80,81,75,82,94,93,90,84,87,78,74,68,60,53,55,69,88,91,87,92,97,86,88,81,82,91,95,96,95,92,72,56,52,67,83,86,79,76,76,81,83,80,84,85,92,90,95,90,84,96,93,89,85,68,73,92,91,70,71,91,94,89,87,92,91,85,88,87,94,92
Guizhou,China,26.8154,106.8748,87,84,86,93,92,93,77,94,82,81,80,76,90,91,89,84,84,82,81,89,88,86,86,94,97,86,86,83,78,72,71,89,95,94,90,94,91,93,94,88,89,96,91,85,79,96,85,81,67,71,89,86,94,89,77,84,89,83,92,95,98,98,95,92,86,94,95,77,82,90,90,90,92,82,79,96,95,88,71,75,63,72,93,87,76,75
Hainan,China,19.1959,109.7453,100,97,94,98,91,88,84,86,86,87,88,100,88,85,80,78,94,89,95,93,84,83,81,84,78,100,100,100,94,81,80,86,88,85,84,95,86,88,99,97,97,95,88,94,84,81,98,91,86,94,93,95,85,86,85,84,88,85,97,91,84,86,83,88,100,97,85,73,63,97,97,84,80,100,100,98,93,89,91,91,78,75,80,87,83,86
Hebei,China,39.549,116.1306,23,28,41,45,67,81,38,38,55,59,39,49,34,38,45,40,46,60,33,24,43,45,48,49,55,55,55,56,57,50,48,23,56,33,31,61,63,67,56,56,52,56,60,66,83,38,30,35,50,63,72,51,25,33,44,39,44,42,49,73,43,36,31,18,31,54,53,75,70,22,27,23,13,13,22,45,24,14,8,18,23,26,19,32,50,42
Heilongjiang,China,47.862,127.7615,55,56,59,61,63,67,74,64,61,64,66,62,62,56,57,55,57,56,69,63,64,59,60,50,52,60,61,64,56,59,56,65,63,57,56,56,56,57,59,68,67,74,81,62,53,56,55,55,67,66,64,64,64,69,75,66,64,70,70,71,73,74,70,63,71,67,78,82,65,67,65,68,57,72,65,65,68,85,71,73,71,61,53,59,61,67
Henan,China,33.882,113.614,34,56,56,64,88,87,83,76,70,62,75,81,72,64,61,67,69,64,40,49,63,70,74,77,70,76,63,62,60,61,60,65,52,55,62,75,84,76,70,57,60,67,78,80,69,55,27,28,37,49,61,40,35,56,73,69,77,80,77,76,64,60,56,49,56,67,62,73,80,43,52,60,39,40,21,37,36,31,18,33,54,34,45,54,83,83
Hong Kong,China,22.3,114.2,83,84,85,85,87,89,91,80,87,89,86,68,82,82,89,91,70,73,80,76,88,91,93,95,93,85,68,65,53,39,47,73,82,85,82,86,87,86,76,74,77,91,94,97,99,99,81,54,53,71,77,80,79,80,86,91,91,91,88,90,89,89,88,87,85,88,94,97,98,75,82,99,96,83,74,80,89,95,96,98,98,92,91,90,92,95
Hubei,China,30.9756,112.2707,49,59,66,64,85,85,81,85,85,87,77,78,78,67,75,68,73,73,68,66,74,80,83,90,84,76,75,73,68,57,61,64,66,56,66,69,81,73,71,69,71,86,85,88,75,74,59,51,50,57,66,56,65,72,72,70,74,84,80,79,70,83,73,66,67,81,77,90,83,62,62,75,61,53,49,54,55,60,43,51,70,62,67,78,87,90
Hunan,China,27.6104,111.7088,84,88,85,84,87,88,84,84,86,89,88,84,83,84,92,84,82,85,76,78,87,96,94,94,92,86,83,80,75,68,67,78,96,91,86,90,95,88,89,81,85,94,94,96,96,90,71,67,66,73,78,91,88,86,79,83,93,92,89,96,87,92,94,89,92,96,98,97,96,76,85,96,92,65,57,78,95,81,76,70,83,93,88,94,91,87
Inner Mongolia,China,44.0935,113.9448,54,55,59,60,60,68,56,55,51,60,59,57,56,53,54,50,60,66,59,55,64,64,53,52,56,62,65,68,67,67,66,60,61,52,49,44,52,56,59,61,56,43,51,64,64,56,60,63,65,68,68,66,60,59,66,70,66,63,52,64,65,64,60,59,44,60,56,63,59,50,48,44,40,56,63,46,48,45,36,37,48,38,30,28,33,16
Jiangsu,China,32.9711,119.455,67,82,82,70,84,93,91,67,76,83,71,71,75,72,69,90,70,68,71,65,77,87,76,75,71,86,81,75,67,61,54,57,56,64,68,73,70,77,72,72,66,86,82,83,90,84,53,51,49,59,68,75,56,61,73,83,73,66,85,81,82,63,68,56,56,67,74,71,92,73,64,72,79,70,56,62,61,61,42,57,67,62,56,51,66,94
Jiangxi,China,27.614,115.7221,78,83,89,88,86,79,76,73,80,88,89,82,78,77,95,91,83,87,81,75,80,88,94,95,95,93,85,84,73,68,66,65,80,89,84,80,96,86,83,79,80,94,92,93,90,95,73,61,59,63,68,76,80,75,73,69,78,80,82,86,86,84,95,93,85,94,97,95,97,80,76,97,94,74,56,64,96,84,78,74,85,89,94,94,82,82
Jilin,China,43.6661,126.1923,63,66,72,76,72,74,81,75,77,74,72,73,69,62,63,62,66,65,83,75,67,83,77,55,54,65,63,71,74,70,68,73,67,65,64,62,57,72,68,72,72,76,85,92,73,69,71,68,69,75,66,89,83,72,75,79,78,73,81,78,80,80,79,86,76,79,90,88,87,78,66,50,36,56,69,57,78,57,83,66,51,44,45,41,44,56
Liaoning,China,41.2956,122.6085,59,57,64,67,70,79,66,67,61,56,59,57,52,52,52,48,56,57,55,50,48,70,60,41,45,56,56,56,60,56,52,51,53,48,36,28,42,56,55,59,64,66,76,72,62,65,56,54,64,62,64,88,55,56,64,49,48,41,52,61,51,43,68,60,52,55,84,80,82,49,37,33,28,40,28,33,42,34,35,32,23,31,35,26,27,65
Macau,China,22.1667,113.55,82,81,84,85,84,87,90,79,83,87,85,66,75,81,84,87,73,70,79,76,83,88,92,93,90,85,71,68,59,45,49,71,83,87,87,87,85,86,78,73,76,90,95,97,97,99,81,56,52,73,78,80,82,79,84,89,91,90,86,88,89,89,87,88,87,86,94,98,97,76,78,97,97,81,72,82,88,92,96,95,98,95,93,90,90,95
Ningxia,China,37.2692,106.1655,60,56,49,59,62,76,62,60,72,77,68,72,64,67,73,62,65,63,51,51,60,52,55,72,65,69,73,67,49,33,28,52,44,37,31,51,49,54,35,28,33,39,21,32,35,38,26,25,28,28,34,32,33,42,27,22,51,63,45,33,27,26,21,21,45,26,31,42,25,24,21,20,37,22,13,16,11,11,13,12,18,22,44,51,46,56
Qinghai,China,35.7452,95.9956,45,53,49,68,70,57,56,60,59,64,51,52,51,50,48,43,56,64,59,55,44,48,57,52,45,54,64,55,44,63,69,62,48,42,41,50,51,52,62,56,51,48,53,50,43,35,50,45,40,41,61,45,50,60,59,54,73,62,42,53,67,78,67,53,71,53,68,72,70,61,53,52,51,56,75,57,65,54,59,77,67,57,57,65,56,57
Shaanxi,China,35.1917,108.8701,56,64,66,67,87,74,76,70,84,72,66,71,57,60,79,80,66,66,44,48,57,67,65,60,84,82,77,60,50,47,42,67,43,47,52,72,79,71,55,35,30,40,49,48,28,27,23,32,34,31,55,38,38,45,54,35,77,93,76,61,40,79,44,49,68,61,48,69,39,27,30,31,30,20,18,45,18,12,17,25,32,36,56,64,71,61
Shandong,China,36.3427,118.1498,45,59,63,60,82,96,95,64,56,65,75,74,84,64,62,63,73,77,65,56,67,76,77,66,52,65,63,62,84,63,59,64,73,59,79,51,69,81,76,72,57,71,71,73,94,76,56,53,45,53,53,64,33,39,89,96,73,42,86,83,85,50,51,37,43,57,76,74,86,62,45,52,39,46,25,44,38,24,11,22,51,28,28,31,57,93
Shanghai,China,31.202,121.4491,62,77,88,80,73,83,81,62,77,82,85,64,65,66,73,84,73,62,61,65,73,89,87,82,86,88,84,69,57,55,44,46,59,66,59,65,71,76,68,61,56,88,80,85,89,87,51,33,41,60,66,66,56,54,64,69,74,67,75,80,80,64,61,55,48,66,74,71,91,71,61,70,85,50,42,47,50,55,44,50,56,70,44,48,65,85
Shanxi,China,37.5777,112.2922,32,48,56,52,76,75,76,73,69,71,71,66,64,57,60,69,69,60,52,60,62,67,63,66,68,65,71,65,60,50,47,51,52,39,48,55,62,68,56,39,32,32,38,48,27,22,21,27,28,28,42,30,24,38,67,64,61,83,73,56,23,35,18,24,46,48,28,51,48,15,20,23,28,18,19,17,11,9,9,13,14,20,22,61,61,73
Sichuan,China,30.6171,102.7103,39,40,66,81,69,77,38,68,65,83,50,23,42,76,62,70,84,80,78,78,70,62,92,96,91,73,82,82,72,87,84,82,90,80,59,88,90,86,88,84,84,61,42,32,65,90,74,81,82,66,82,79,76,73,56,79,79,95,94,66,100,96,94,94,88,81,85,79,99,88,91,91,97,88,87,97,87,81,69,72,80,100,85,94,77,90
Tianjin,China,39.3054,117.323,22,34,42,50,69,80,45,28,53,50,38,46,28,30,43,46,52,65,30,26,45,59,52,47,57,56,59,56,57,39,45,34,68,37,44,60,67,66,52,57,50,57,67,74,76,45,38,42,51,66,74,56,28,33,56,36,47,42,54,74,48,34,39,20,28,53,67,74,79,40,27,41,26,15,26,42,31,13,8,17,28,33,30,33,44,48
Tibet,China,31.6927,88.0924,37,56,59,63,62,52,59,55,56,50,45,46,41,39,38,40,70,61,55,54,56,50,48,47,40,53,47,54,49,50,50,43,57,40,38,47,45,43,53,50,38,38,40,40,36,38,30,41,34,32,60,61,63,54,55,49,59,45,38,50,53,56,55,56,44,46,48,39,35,34,40,39,36,44,52,52,37,40,52,49,53,44,50,38,46,45
Xinjiang,China,41.1129,85.2401,45,52,50,51,55,57,56,54,55,54,56,59,56,56,63,57,73,74,64,59,57,54,62,63,63,60,56,53,50,55,52,53,52,48,51,53,52,49,46,45,42,39,38,40,21,23,28,41,43,48,42,33,28,28,35,39,39,34,27,35,38,35,30,27,34,31,35,28,23,25,20,21,17,15,18,27,13,11,11,12,18,23,19,24,18,17
Yunnan,China,24.974,101.487,77,79,78,96,98,83,77,74,61,67,56,51,64,59,53,51,56,40,43,43,48,41,34,47,75,75,63,63,71,76,68,68,55,53,48,38,39,51,63,85,84,53,48,48,57,68,79,76,82,75,60,61,76,77,73,65,57,77,76,64,48,44,54,67,55,56,52,43,44,45,37,38,40,40,36,35,43,45,30,33,43,41,46,48,42,40
Zhejiang,China,29.1832,120.0934,68,80,91,95,89,85,81,70,78,94,96,84,77,80,91,95,90,78,82,77,75,80,91,96,96,98,91,86,77,75,69,62,70,83,91,77,92,93,89,77,69,82,92,98,92,96,71,63,56,63,65,73,67,63,70,78,93,79,78,85,95,85,91,93,73,86,93,92,96,84,74,88,89,80,65,59,72,76,69,67,76,89,71,57,72,85
,Colombia,4.5709,-74.2973,100,100,98,93,92,91,87,88,70,73,62,72,77,76,78,80,77,82,79,82,91,100,99,98,99,100,100,99,99,97,95,82,84,92,80,65,53,51,66,94,96,79,66,69,76,86,87,81,75,69,82,92,95,99,100,100,100,100,99,97,96,96,97,99,92,77,85,92,99,96,99,99,100,100,100,100,100,97,98,96,97,97,89,94,97,98
,Congo (Brazzaville),-4.0383,21.7587,86,91,85,81,87,76,83,83,84,84,80,75,70,60,67,72,83,88,72,67,73,74,66,67,68,71,67,74,80,84,77,84,85,78,95,90,75,67,85,77,93,73,66,88,90,76,77,82,80,87,77,62,70,87,89,76,66,89,75,67,81,73,81,65,60,72,76,79,83,79,79,85,86,73,74,91,95,82,74,72,85,98,74,64,82,84
,Congo (Kinshasa),-4.0383,21.7587,86,91,85,81,87,76,83,84,84,83,80,76,68,61,67,72,83,88,72,67,73,74,66,67,68,71,67,74,80,84,77,84,85,78,95,90,75,67,85,77,93,73,66,88,90,76,77,82,80,87,77,62,70,87,89,76,66,89,75,67,81,73,81,65,60,72,76,79,83,79,79,85,86,73,74,91,95,82,74,72,85,98,74,64,82,84
,Costa Rica,9.7489,-83.7534,92,86,98,99,98,92,94,92,100,98,95,99,100,100,100,98,96,99,100,100,100,100,100,100,100,100,99,100,100,100,99,88,96,100,99,94,99,91,88,98,95,88,98,100,99,100,96,100,100,100,98,99,100,92,70,83,98,96,88,94,97,84,67,97,92,81,89,95,97,89,84,85,93,97,98,96,95,94,94,94,91,91,87,96,99,95
,Cote d'Ivoire,7.54,-5.5471,22,18,16,15,19,25,25,32,35,40,60,54,25,17,21,22,31,42,22,46,71,74,55,25,18,31,53,54,35,23,43,54,37,14,14,17,24,18,13,31,57,44,11,14,14,13,15,52,55,63,67,61,61,59,52,40,22,56,59,52,53,65,67,68,70,66,70,69,78,71,63,59,68,64,70,67,67,71,66,67,71,73,85,71,87,78
,Croatia,45.1,15.2,80,56,56,72,73,61,39,72,62,86,93,84,82,88,91,92,88,90,94,94,75,60,76,71,94,96,93,92,92,74,87,92,89,91,84,63,48,51,77,83,88,79,82,67,85,78,68,78,91,78,66,59,56,65,79,89,94,69,62,60,83,80,80,91,68,92,89,72,66,77,62,69,87,72,57,49,45,67,64,57,67,78,56,91,94,98
,Diamond Princess,0.0,0.0,81,83,83,73,69,75,83,80,80,82,83,80,81,83,83,86,89,87,87,84,88,87,86,85,84,83,84,84,84,86,84,83,84,84,84,83,84,82,84,83,83,82,84,80,81,87,85,82,80,83,86,85,87,86,84,83,84,86,88,87,86,84,83,85,83,85,89,85,85,84,83,84,89,86,85,84,84,85,82,81,80,81,86,85,82,77
,Cuba,22.0,-80.0,94,95,87,87,87,91,85,85,84,93,93,83,88,90,83,83,91,83,91,90,92,97,72,81,85,85,86,92,93,93,92,90,92,81,77,78,87,92,90,90,88,83,88,85,85,83,80,81,82,82,83,85,86,91,92,82,87,96,88,83,68,71,74,81,85,83,83,85,72,78,84,82,86,86,86,79,79,78,78,77,77,79,80,79,79,75
,Cyprus,35.1264,33.4299,79,86,87,80,75,82,85,89,76,67,69,73,74,83,79,74,91,77,80,71,54,56,64,47,54,70,79,83,80,78,53,61,67,70,79,81,73,68,57,50,59,81,94,93,78,70,70,61,73,79,69,84,82,77,82,66,68,80,81,74,64,72,79,74,70,72,67,73,72,68,65,64,92,84,83,81,74,56,61,56,60,61,69,68,71,71
,Czechia,49.8175,15.473,81,64,74,82,79,78,77,80,90,83,83,78,80,77,73,78,80,87,90,85,77,74,80,77,78,81,83,80,74,75,84,81,84,84,88,81,78,85,82,76,69,70,70,73,82,78,71,74,73,76,77,75,61,75,72,81,75,69,82,77,76,69,84,76,71,79,81,72,76,77,88,79,68,65,50,53,75,76,74,73,85,64,55,53,54,63
Faroe Islands,Denmark,61.8926,-6.9118,88,78,70,78,89,82,84,72,73,79,76,75,83,76,86,82,86,73,87,87,74,91,76,73,89,77,73,77,77,88,84,74,72,84,74,87,92,78,81,73,73,77,68,70,79,81,78,82,82,81,71,75,74,75,67,79,74,78,74,86,87,77,76,72,76,79,85,87,82,88,75,78,74,75,72,79,68,73,79,66,75,75,83,84,73,76
Greenland,Denmark,71.7069,-42.6043,-1000,-1000,-1000,-1000,-1000,-1000,-1000,-1000,-1000,-1000,-1000,-1000,-1000,-1000,-1000,-1000,-1000,-1000,-1000,-1000,-1000,-1000,-1000,-1000,-1000,53,54,53,55,62,59,52,62,61,56,47,61,67,57,57,56,56,56,61,52,44,53,53,65,61,54,55,46,32,37,40,28,38,39,31,39,56,67,61,57,53,56,64,50,59,63,54,49,48,40,32,40,53,46,57,66,53,44,51,46,62
,Denmark,56.2639,9.5018,86,87,83,74,88,89,87,85,89,88,85,90,87,86,87,83,87,85,77,85,87,81,90,90,87,86,89,86,81,88,88,89,78,89,82,78,86,87,85,84,77,81,81,82,84,89,86,82,84,86,87,80,82,78,82,89,86,82,83,87,82,84,86,86,87,87,82,87,89,90,80,80,79,70,79,82,84,85,76,65,59,63,56,52,47,56
,Djibouti,11.8251,42.5903,84,82,82,83,83,82,87,84,86,83,92,80,83,85,92,78,80,78,80,77,79,87,97,90,87,87,88,91,84,88,82,87,90,91,84,87,77,69,66,62,77,87,88,92,77,71,66,79,78,75,72,82,84,79,73,71,83,81,47,41,46,73,83,59,55,50,64,72,81,64,65,66,81,86,83,91,85,87,82,76,80,84,86,83,87,79
,Dominican Republic,18.7357,-70.1627,97,96,98,93,93,91,87,95,94,94,97,90,99,99,100,100,92,89,94,99,98,94,87,98,96,93,98,91,90,92,88,86,93,89,99,96,92,92,89,90,89,94,98,98,93,89,96,98,100,100,99,95,89,95,98,96,93,98,95,90,86,95,100,100,95,90,89,89,100,100,100,96,96,95,97,91,89,92,93,99,98,95,88,100,92,90
,Ecuador,-1.8312,-78.1834,100,99,99,99,89,89,89,89,82,76,96,96,100,96,99,98,98,99,100,100,97,90,95,95,100,99,100,89,84,93,97,95,97,100,99,98,85,84,93,95,100,95,86,95,95,98,100,99,98,96,97,93,95,100,99,100,100,99,100,100,99,99,100,99,99,100,100,98,97,100,100,97,98,97,98,99,100,100,99,98,95,92,92,93,94,92
,Egypt,26.0,30.0,56,51,68,56,64,56,56,56,61,66,67,55,53,40,41,50,74,64,62,60,62,64,63,63,50,45,35,33,47,53,48,57,51,51,60,52,34,43,47,56,57,57,46,41,37,37,49,65,60,56,47,45,48,44,68,61,46,35,24,34,43,38,35,22,7,30,45,31,17,30,32,51,53,43,56,42,38,40,35,32,35,28,13,26,30,16
,El Salvador,13.7942,-88.8965,77,74,77,80,72,62,66,67,65,62,62,65,61,62,60,59,63,62,66,64,61,60,61,71,75,70,76,79,78,75,74,75,73,62,62,71,73,75,76,72,60,60,62,59,61,56,56,54,56,56,59,59,55,51,60,70,76,74,67,56,54,56,66,67,66,63,56,57,59,57,59,55,53,65,70,60,60,63,63,61,62,65,64,56,63,68
,Equatorial Guinea,1.5,10.0,96,96,93,91,94,94,92,95,96,90,90,91,91,95,97,95,98,92,93,93,92,90,88,88,85,82,91,95,94,94,97,95,97,95,89,94,93,95,96,96,93,92,98,94,89,93,94,100,96,91,95,96,96,95,96,95,100,88,94,96,92,92,94,96,93,99,98,91,88,92,96,90,94,95,98,98,95,99,95,99,88,93,97,98,99,92
,Eritrea,15.1794,39.7823,86,83,80,83,93,95,92,94,98,98,91,77,75,73,73,74,64,70,77,84,85,82,80,81,77,75,75,79,86,92,89,97,97,96,90,90,90,85,83,96,86,77,72,75,75,60,56,71,87,88,93,84,82,93,81,87,82,78,84,86,92,80,92,97,84,70,67,89,90,84,71,50,44,85,73,72,80,90,85,80,78,81,83,76,42,39
,Estonia,58.5953,25.0136,81,86,86,80,71,91,90,88,84,90,79,86,86,85,87,85,84,84,86,82,83,74,79,90,78,86,91,85,88,90,88,89,88,81,70,77,64,65,88,85,85,85,87,85,83,84,85,85,83,86,86,83,86,85,77,83,90,83,84,81,87,87,89,88,90,84,84,83,79,86,91,87,81,64,66,82,80,88,76,74,55,57,62,68,64,60
,Eswatini,-26.5225,31.4659,77,76,74,70,69,73,63,62,74,97,84,74,83,85,70,77,73,83,91,85,71,78,85,81,80,64,68,72,71,80,63,67,73,64,63,71,75,88,87,96,99,96,81,74,72,70,74,71,74,83,84,94,82,83,72,74,72,75,96,87,79,85,79,76,72,75,79,74,70,71,78,78,75,76,82,92,78,79,76,76,82,79,77,74,71,65
,Ethiopia,9.145,40.4897,63,68,56,56,54,67,69,57,56,53,64,88,90,78,68,60,32,34,42,50,53,61,67,85,87,88,89,82,70,67,61,68,62,66,61,52,59,53,46,37,42,61,97,84,63,56,46,51,59,57,42,59,61,57,43,38,51,64,32,26,28,32,35,39,36,38,40,47,42,56,63,57,46,64,61,83,81,68,65,72,72,70,85,73,86,63
,Fiji,-17.7134,178.065,95,81,83,85,84,88,94,92,90,87,86,94,97,95,96,100,100,97,97,92,87,76,83,85,84,84,94,88,89,95,90,90,98,83,87,93,94,96,97,95,93,92,96,98,100,89,83,85,96,81,75,80,85,94,80,82,96,96,90,92,91,96,83,79,92,92,94,97,99,100,99,99,96,92,91,97,94,99,100,100,98,97,96,89,97,98
,Finland,64.0,26.0,88,83,85,79,76,86,92,91,74,83,82,85,83,82,91,90,85,93,89,85,71,73,82,83,80,76,70,78,82,78,77,78,85,76,76,78,70,80,88,85,90,84,83,89,81,83,87,84,87,80,66,83,88,84,78,76,73,70,69,71,80,76,72,71,84,79,80,80,83,88,89,92,78,60,75,72,69,74,77,63,68,56,63,62,64,73
French Guiana,France,3.9339,-53.1258,85,82,82,87,91,88,83,93,90,88,83,77,82,96,100,98,96,96,90,83,91,82,74,71,77,95,99,98,93,90,93,93,81,81,83,80,81,78,82,90,85,93,95,85,86,81,90,94,86,84,81,78,73,92,97,99,86,71,77,78,74,80,83,88,86,76,74,84,74,72,75,66,67,72,69,71,74,70,94,84,77,81,82,82,95,95
French Polynesia,France,-17.6797,149.4068,79,82,88,84,84,86,88,85,85,88,89,80,85,89,82,76,81,84,85,86,83,78,80,81,87,83,81,88,86,84,78,82,84,86,83,85,79,79,79,76,74,79,84,86,87,87,85,82,83,79,73,78,81,81,85,88,78,79,83,81,81,80,79,72,71,73,79,76,78,78,91,93,90,83,75,77,83,79,76,78,83,80,83,81,83,95
Guadeloupe,France,16.25,-61.5833,80,79,82,82,87,85,81,80,82,79,76,81,79,79,82,81,80,82,86,79,76,86,83,82,86,82,81,76,79,79,81,79,79,81,79,79,81,78,78,79,81,79,80,79,79,81,83,82,81,79,80,77,76,80,76,85,84,83,77,79,80,79,77,79,78,74,77,79,71,72,77,75,79,76,78,81,72,75,79,78,79,81,87,87,85,79
Mayotte,France,-12.8275,45.1662,81,80,78,78,78,77,80,80,77,76,75,75,81,81,78,79,84,84,82,83,82,85,85,86,84,80,77,79,80,81,83,79,78,80,77,75,77,76,76,74,72,74,73,76,77,76,77,78,76,77,78,77,80,81,81,84,81,82,81,81,79,80,80,74,76,78,80,79,80,77,76,78,80,80,80,77,75,70,72,67,74,76,75,76,73,76
New Caledonia,France,-20.9043,165.618,78,77,76,79,80,83,84,80,83,92,92,92,86,91,91,89,85,88,84,80,74,73,84,80,85,88,84,85,82,78,82,87,87,89,85,84,90,86,91,93,94,97,96,93,90,90,83,84,87,82,78,78,79,81,78,81,87,86,89,93,94,96,88,84,85,87,86,85,82,83,85,82,85,94,90,81,86,84,81,75,78,80,82,75,79,81
Reunion,France,-21.1351,55.2471,96,97,92,96,97,96,96,91,85,83,92,94,89,88,89,92,94,91,90,91,98,100,98,100,98,92,85,78,77,84,88,92,92,92,87,91,91,89,87,89,92,98,92,85,87,94,93,89,92,90,88,88,89,82,83,87,92,98,93,96,95,97,100,100,100,100,98,94,92,92,99,100,100,99,94,92,97,92,82,75,84,89,93,96,97,92
Saint Barthelemy,France,17.9,-62.8333,84,81,81,78,79,74,76,78,79,79,75,77,77,76,79,78,78,77,78,83,83,79,77,84,82,81,81,80,78,77,77,78,78,75,76,78,80,79,78,76,78,78,78,79,77,78,82,82,81,77,76,74,75,76,72,72,77,81,77,79,81,77,73,74,77,77,78,78,71,71,74,76,79,79,77,74,76,77,78,77,77,79,80,79,79,73
St Martin,France,18.0708,-63.0501,83,80,80,77,77,74,74,77,78,78,74,75,77,75,78,77,76,76,77,81,83,78,76,84,81,79,81,80,79,77,78,78,78,75,75,77,80,78,78,75,78,77,77,78,76,78,81,79,80,76,76,73,74,76,72,73,78,80,76,78,81,77,72,73,76,76,77,78,70,71,72,76,78,78,77,73,76,77,77,76,76,78,79,77,77,72
Martinique,France,14.6415,-61.0242,81,80,82,84,81,87,80,79,79,80,79,83,80,81,81,81,79,82,86,77,79,81,88,83,82,84,78,79,78,85,82,80,82,79,80,79,78,79,78,83,82,78,81,81,78,81,78,82,85,81,83,77,76,75,82,87,80,84,77,79,79,77,75,80,77,74,78,74,75,72,79,78,81,81,83,78,77,77,78,78,80,81,83,77,79,79
,France,46.2276,2.2137,85,80,81,82,79,69,87,87,75,81,79,74,71,46,63,70,74,74,74,64,63,59,62,78,79,84,78,85,87,90,91,84,89,78,82,80,59,70,73,70,76,77,77,77,78,67,50,77,79,81,76,70,67,65,69,80,79,86,80,69,78,87,90,88,91,89,87,82,81,83,80,80,65,71,65,78,75,72,68,63,76,78,73,55,52,54
,Gabon,-0.8037,11.6094,86,91,92,88,93,85,88,90,92,91,82,85,83,87,91,94,94,89,84,88,89,86,85,86,80,83,83,86,92,91,92,91,94,95,86,85,93,93,93,93,87,93,85,92,83,83,90,90,91,93,80,93,94,93,91,86,98,87,92,95,90,86,88,91,89,93,98,82,85,91,92,90,86,90,92,92,91,91,94,98,91,85,95,87,95,93
,Gambia,13.4432,-15.3101,8,9,9,9,10,11,12,12,10,10,11,10,9,13,10,6,5,8,9,15,15,16,19,23,18,12,8,10,25,8,7,6,37,45,23,4,5,6,5,7,8,9,17,14,6,8,8,9,5,12,13,9,22,30,19,14,6,7,8,5,3,4,5,6,6,11,19,38,30,32,30,6,7,8,15,20,24,32,32,19,15,15,24,32,16,21
,Georgia,42.3154,43.3569,93,88,66,59,67,57,52,59,84,90,84,85,85,69,70,61,60,64,59,56,71,81,84,73,66,61,68,59,71,76,82,85,82,87,91,71,70,87,83,56,54,55,67,87,83,56,59,66,66,65,79,77,74,91,73,83,65,55,65,73,90,79,65,54,44,47,54,48,41,31,47,75,64,82,81,89,87,81,79,86,82,70,61,63,68,64
,Germany,51.0,9.0,86,86,93,88,92,87,91,92,95,91,86,88,90,82,76,91,89,86,86,84,80,76,83,75,75,88,93,85,85,85,86,90,88,84,85,77,83,80,81,81,83,76,77,87,86,86,74,78,80,81,86,77,69,87,87,84,85,88,82,86,81,85,81,86,91,91,82,80,82,91,93,76,73,82,72,75,77,77,75,86,75,56,48,48,48,57
,Ghana,7.9465,-1.0232,13,11,9,12,17,24,28,28,28,36,60,55,40,18,15,17,23,28,22,31,48,41,31,15,11,12,13,28,20,8,25,22,11,7,8,13,16,10,9,18,42,25,8,10,11,9,8,32,49,46,49,44,40,43,32,12,16,43,41,33,32,55,59,62,55,53,55,52,60,61,56,48,56,63,54,51,52,55,59,67,63,62,68,77,75,62
,Greece,39.0742,21.8243,47,60,38,36,78,67,55,41,32,33,55,84,90,84,79,65,73,74,78,81,56,28,36,74,84,80,94,86,91,79,68,78,82,80,81,85,83,55,62,63,78,85,89,82,96,96,89,72,48,70,94,82,76,50,52,59,79,81,80,52,57,77,56,79,76,80,75,82,91,83,79,66,56,63,91,84,50,45,57,44,47,77,100,85,99,99
,Guatemala,15.7835,-90.2308,97,87,83,80,99,94,91,95,97,95,93,90,96,97,97,91,95,99,99,95,97,98,94,88,86,90,84,85,84,90,95,90,100,93,87,88,81,76,95,92,84,88,86,83,82,94,96,90,86,87,89,87,87,99,94,85,79,88,99,96,94,86,83,80,73,78,99,97,98,97,92,87,81,81,82,85,86,82,84,81,81,85,87,80,77,75
,Guinea,9.9456,-9.6966,14,16,16,15,16,19,23,26,31,23,19,25,19,16,21,24,21,19,18,21,35,44,31,13,10,12,13,13,12,8,9,10,20,11,9,9,11,11,9,9,13,21,9,12,9,8,10,14,27,31,37,44,44,38,27,21,11,21,26,26,15,26,17,26,24,33,40,44,49,47,41,18,20,16,23,28,40,45,46,40,44,56,71,59,61,62
,Guyana,5.0,-58.75,88,79,79,79,82,74,74,89,93,86,84,89,84,82,94,94,90,93,86,86,85,88,86,79,78,86,84,92,86,91,87,97,83,77,76,79,77,78,76,70,86,77,89,87,85,78,77,79,80,78,76,74,78,67,82,84,83,74,72,77,78,71,72,66,65,81,75,75,79,76,73,74,71,78,83,83,81,81,91,88,94,92,82,81,83,83
,Haiti,18.9712,-72.2852,93,88,82,81,82,81,77,79,83,77,76,74,74,75,77,76,79,74,79,78,74,83,87,90,81,82,83,81,81,80,83,79,77,85,90,86,80,76,71,74,76,74,77,74,73,71,82,81,85,77,77,76,86,85,87,84,81,77,85,77,84,95,86,90,78,74,81,86,94,87,86,86,88,85,83,76,74,74,78,80,81,77,71,81,85,77
,Holy See,41.9029,12.4534,60,65,69,79,64,55,52,64,70,76,74,71,74,73,72,74,75,84,80,63,64,72,75,77,83,82,80,83,78,75,78,85,85,83,74,39,31,41,51,68,82,81,70,75,70,59,67,71,79,83,63,65,68,78,79,77,70,53,52,57,77,84,73,71,65,79,75,57,63,62,66,75,80,83,70,62,67,68,62,63,64,68,45,35,47,80
,Honduras,15.2,-86.2419,92,92,80,81,85,100,99,97,98,98,94,93,88,92,94,90,98,95,96,97,100,100,100,93,91,90,84,85,85,90,91,78,88,100,98,86,85,77,82,83,86,84,83,79,79,84,90,83,85,80,81,90,92,94,94,75,74,79,97,100,100,97,91,81,77,76,89,91,97,99,99,94,94,83,82,84,89,85,86,82,78,88,92,87,79,77
,Hungary,47.1625,19.5033,78,80,81,79,62,62,64,68,79,76,79,80,76,77,73,75,78,74,80,80,80,75,73,71,74,76,73,86,82,77,80,78,72,69,75,57,56,71,48,53,70,68,62,67,75,78,74,72,69,63,62,65,63,63,55,62,80,63,72,63,62,77,78,83,66,83,75,66,61,63,70,68,67,56,44,53,55,61,59,53,61,41,72,53,56,54
,Iceland,64.9631,-19.0208,88,86,83,78,87,92,82,82,82,83,83,73,81,85,93,83,91,83,90,84,84,90,85,81,81,84,79,76,92,94,95,84,79,77,86,94,90,89,83,85,93,90,81,74,80,82,90,89,85,85,90,86,84,85,86,86,77,73,76,81,80,75,86,81,76,80,70,79,74,82,84,79,85,84,69,83,89,84,77,82,87,83,86,83,86,85
,India,21.0,78.0,85,87,83,78,60,57,60,80,66,52,48,49,43,41,57,66,49,65,71,61,67,68,65,57,55,48,49,49,57,53,45,52,47,56,74,68,67,72,63,49,53,52,49,37,38,39,30,22,18,19,41,52,53,49,47,35,28,30,31,33,50,49,33,26,28,28,42,36,41,55,54,35,39,30,17,26,39,57,44,39,40,22,24,32,43,56
,Indonesia,-0.7893,113.9213,86,90,96,84,91,86,82,81,85,88,92,86,74,83,91,91,87,87,93,90,82,75,79,85,88,89,83,91,84,98,89,79,85,93,87,95,90,92,90,96,93,77,73,81,84,89,90,95,92,82,86,84,73,73,90,86,91,87,97,90,91,87,94,89,91,91,86,90,89,82,73,88,88,86,72,87,88,82,85,95,89,83,87,85,76,84
,Iran,32.0,53.0,48,39,37,60,46,42,44,38,40,56,75,57,42,65,59,52,49,41,44,56,56,56,48,24,33,51,46,42,33,34,37,32,30,32,21,23,28,28,42,28,19,16,22,13,18,30,27,28,38,34,38,41,27,32,25,26,24,51,35,13,18,18,26,43,32,20,16,18,14,10,4,4,7,10,41,36,32,38,40,21,22,46,43,57,52,48
,Iraq,33.0,44.0,65,61,53,62,63,62,56,53,56,61,63,52,64,62,54,47,40,61,68,66,74,85,73,68,73,65,69,67,59,61,56,39,56,57,54,46,41,46,49,45,22,37,35,24,40,30,39,67,67,64,68,61,45,56,53,90,66,60,56,52,50,50,48,47,42,33,46,50,38,33,25,23,19,62,76,63,51,60,53,49,63,67,51,38,38,49
,Ireland,53.1424,-7.6921,90,89,83,86,88,83,88,84,89,86,91,88,82,85,80,85,84,83,79,88,92,94,93,90,86,83,86,83,87,88,86,82,85,76,78,84,84,85,84,87,80,76,82,87,81,86,77,79,81,90,79,87,82,84,86,83,78,80,91,81,78,79,78,79,83,80,87,82,89,84,84,78,83,90,78,80,91,78,75,73,68,69,76,77,79,83
,Israel,31.0,35.0,74,77,57,68,55,50,53,64,74,81,79,73,82,75,62,51,71,89,73,79,80,84,78,76,63,69,63,65,85,76,71,75,79,79,84,76,54,75,69,80,77,73,67,64,65,55,81,75,65,83,86,68,70,69,78,83,76,68,54,69,80,76,61,43,32,72,82,61,40,76,59,48,83,94,88,77,74,75,69,65,84,73,56,48,73,51
,Italy,43.0,12.0,67,68,80,87,73,65,69,73,68,84,81,77,77,79,79,82,82,89,81,71,77,77,77,79,88,88,84,80,72,79,88,88,86,83,76,41,38,48,69,74,79,68,69,75,71,60,63,70,81,80,61,61,63,71,80,79,68,47,50,56,84,84,81,81,69,79,79,63,60,61,61,79,80,80,63,56,64,62,55,57,64,72,46,52,67,81
,Jamaica,18.1096,-77.2975,87,87,89,87,86,78,87,91,86,87,83,73,77,79,84,81,85,81,78,84,86,84,90,80,81,86,81,84,84,84,80,81,84,85,91,90,86,83,82,78,86,84,81,80,80,83,80,88,83,85,88,85,82,89,89,91,92,86,84,88,92,88,88,85,82,81,82,82,87,86,85,88,82,80,80,79,76,79,80,83,84,82,85,82,83,82
,Japan,36.0,138.0,56,63,64,65,66,65,79,87,68,78,62,72,68,59,72,56,67,71,62,63,59,56,93,77,67,71,76,87,86,75,65,60,56,62,56,60,47,43,64,56,53,56,48,84,73,62,87,71,55,55,63,66,84,54,50,75,91,69,55,72,79,74,62,69,61,56,64,89,72,96,66,53,53,88,69,60,51,68,65,61,44,70,61,48,53,48
,Jordan,31.24,36.51,55,65,66,70,57,43,56,66,74,80,74,71,76,73,54,23,61,79,72,72,80,77,75,75,57,54,44,41,77,67,70,72,74,53,73,60,47,63,68,77,75,72,63,62,63,42,57,67,65,73,76,59,66,63,68,82,74,59,46,61,72,68,57,31,20,43,73,61,35,39,43,44,70,84,76,65,70,71,64,62,72,70,44,40,56,47
,Kazakhstan,48.0196,66.9237,82,84,86,86,84,78,74,75,60,67,72,65,69,82,76,80,77,79,77,71,76,82,82,79,73,76,78,75,67,68,60,68,70,73,83,83,76,81,77,82,63,55,59,72,74,79,77,71,69,70,69,73,80,77,77,83,88,77,74,74,74,80,62,46,48,64,56,45,30,36,59,69,62,73,75,69,72,67,64,70,86,73,72,67,60,56
,Kenya,-0.0236,37.9062,77,87,86,89,82,87,91,91,87,86,84,84,90,91,87,84,76,68,71,75,66,67,77,85,92,94,95,95,95,93,87,93,88,93,86,87,85,79,79,75,68,65,74,86,81,86,85,85,85,89,80,83,86,85,76,69,85,88,81,74,78,83,84,84,73,64,80,84,86,87,85,84,83,89,83,86,87,89,88,90,84,76,72,86,82,86
,"Korea, South",36.0,128.0,62,71,70,60,52,73,96,86,74,60,68,68,65,51,59,43,40,44,68,65,40,56,85,64,82,81,95,90,85,79,80,73,66,66,51,43,28,39,65,57,62,51,94,84,69,77,81,69,60,62,64,57,65,50,31,93,90,85,88,81,80,63,67,65,53,44,72,71,73,95,60,38,54,44,52,47,60,45,55,38,49,51,40,53,62,76
,Kuwait,29.5,47.75,48,60,82,67,50,49,54,57,39,43,56,42,41,53,48,44,55,49,53,55,53,52,51,61,51,53,50,53,57,69,69,47,39,42,39,49,52,57,40,35,45,24,26,25,35,33,37,52,73,52,55,57,56,63,69,65,43,56,46,50,52,37,37,38,35,36,31,42,36,26,20,20,37,54,71,56,54,67,41,37,56,35,45,44,51,56
,Kyrgyzstan,41.2044,74.7661,70,61,63,69,63,63,67,66,61,63,67,70,78,70,70,68,69,49,43,54,59,67,64,54,64,75,70,66,56,55,51,49,55,56,65,64,67,62,56,56,66,80,73,81,72,67,69,63,84,69,59,53,60,80,83,83,73,85,91,86,76,73,75,83,81,81,78,78,70,67,69,69,66,63,60,57,66,75,78,70,73,71,63,92,95,80
,Latvia,56.8796,24.6032,77,84,83,81,75,89,90,88,85,93,85,86,88,86,85,83,83,81,85,82,86,76,76,85,80,87,89,83,90,91,90,91,89,84,73,72,71,57,86,80,83,85,88,84,87,79,81,71,74,86,83,80,85,84,78,86,85,87,83,82,84,86,87,86,84,75,81,82,76,85,87,83,83,70,68,67,77,82,69,78,57,50,51,56,57,52
,Lebanon,33.8547,35.8623,96,98,92,99,99,81,81,99,99,92,85,92,91,79,72,78,82,96,99,99,94,81,90,88,62,61,65,65,94,96,93,96,83,84,89,79,65,100,100,92,90,87,100,97,85,76,77,89,83,95,94,89,100,92,87,92,86,66,56,88,94,90,68,48,38,85,89,55,51,65,40,51,92,98,90,82,92,100,100,100,98,86,55,63,78,65
,Liberia,6.4281,-9.4295,57,56,36,28,41,53,65,66,65,70,80,69,61,53,53,60,68,65,66,75,80,84,73,56,59,67,72,77,69,68,66,71,72,63,61,62,69,63,64,69,74,80,53,40,59,63,63,68,72,75,83,85,78,76,82,69,70,76,83,73,71,75,84,79,84,85,83,81,85,91,83,81,81,87,91,86,88,88,84,83,89,85,91,90,85,84
,Liechtenstein,47.14,9.55,75,76,82,100,89,64,82,53,63,82,94,53,56,61,71,79,80,99,97,64,62,66,61,63,83,92,91,97,100,90,100,99,100,100,97,98,70,70,74,77,91,98,98,80,99,80,74,88,96,97,87,94,75,89,96,92,99,96,89,87,98,95,98,93,97,100,98,90,98,100,100,98,99,100,90,84,89,91,87,86,100,100,81,74,82,80
,Lithuania,55.1694,23.8813,77,81,72,82,75,87,86,85,87,93,85,82,89,82,77,77,82,81,86,83,89,79,75,88,81,85,83,83,86,88,92,91,85,80,78,69,75,56,81,71,80,84,87,82,80,75,75,68,76,79,79,78,81,78,76,87,83,81,79,79,79,82,84,84,77,70,86,88,79,82,81,77,76,67,57,52,75,74,66,74,60,46,49,51,52,51
,Luxembourg,49.8153,6.1296,87,89,92,86,88,88,90,93,93,89,86,90,90,76,76,87,86,82,80,79,76,69,79,72,83,88,91,85,85,87,90,90,88,87,82,78,80,77,83,81,83,82,84,86,84,82,71,84,80,79,84,77,77,85,86,85,83,88,80,87,86,89,86,86,92,89,77,82,84,90,90,84,79,80,75,78,79,80,76,77,85,59,46,42,43,51
,Madagascar,-18.7669,46.8691,97,99,100,94,83,80,89,94,90,80,71,77,83,86,79,84,98,95,98,100,100,100,100,97,94,94,98,92,90,94,84,72,74,71,78,75,66,79,75,73,72,66,61,73,87,97,99,96,89,95,98,98,96,99,99,95,94,87,88,82,79,88,92,88,83,76,85,92,80,80,82,78,73,73,81,82,87,91,93,91,96,89,78,77,82,85
,Malaysia,2.5,112.5,98,98,96,99,96,97,93,95,97,99,99,100,97,98,96,97,99,97,97,96,94,94,97,97,94,97,98,93,99,99,90,87,91,99,100,100,94,88,89,99,96,93,90,94,99,97,97,100,97,100,96,97,96,95,97,99,100,98,100,98,100,97,100,96,100,96,94,90,98,98,94,97,98,98,92,93,99,97,96,100,88,96,97,95,87,100
,Maldives,3.2028,73.2207,80,80,86,83,84,84,82,82,82,80,80,81,82,76,78,77,78,82,86,86,85,86,89,91,84,80,78,76,78,78,78,77,77,78,79,79,81,79,77,79,81,79,82,86,85,84,84,84,85,77,79,84,87,86,85,83,85,83,81,77,78,77,79,78,77,74,77,71,74,79,75,77,83,83,79,77,81,82,79,78,79,78,77,73,71,75
,Malta,35.9375,14.3754,56,59,62,70,64,44,54,64,60,59,66,71,72,74,73,69,69,67,63,68,71,67,69,74,78,76,70,74,74,72,78,77,78,80,75,50,53,53,57,63,70,69,74,72,74,62,65,66,71,73,68,59,67,61,75,76,73,61,70,73,75,72,69,70,65,77,69,67,66,74,64,71,77,73,79,70,70,62,67,68,71,79,77,79,81,66
,Mauritania,21.0079,10.9408,35,42,43,43,41,35,30,28,24,25,35,28,28,32,41,48,45,38,33,30,21,15,15,8,5,7,8,7,10,10,13,15,15,12,16,24,26,17,15,14,14,12,11,8,8,7,12,19,22,23,15,12,12,16,24,22,13,10,6,5,9,6,4,3,8,6,5,3,15,13,11,24,22,13,8,4,3,4,5,6,8,18,6,7,8,4
,Mauritius,-20.2,57.5,91,88,87,93,93,93,89,91,82,75,79,78,85,87,84,86,82,82,85,85,90,97,93,98,95,89,84,78,81,80,89,81,80,85,82,80,79,77,79,76,87,92,85,83,85,86,77,80,81,78,79,75,72,85,80,81,92,94,93,93,89,94,92,92,93,92,93,90,93,94,91,92,96,92,85,84,83,88,79,74,72,85,92,93,87,82
,Mexico,23.6345,-102.5528,62,74,64,56,47,38,34,38,48,47,42,33,39,41,54,51,63,75,71,79,75,67,60,50,44,80,73,56,49,43,44,53,44,63,80,64,51,23,32,31,32,56,50,38,31,51,57,46,37,37,37,44,63,56,46,38,30,33,46,30,42,34,34,35,37,28,65,54,64,63,63,59,43,41,34,52,63,49,38,36,37,57,49,35,23,26
,Moldova,47.4116,28.3699,81,81,72,75,86,79,73,70,70,76,80,80,79,77,80,81,82,74,69,70,71,55,67,64,59,68,71,80,84,69,72,80,78,76,79,89,61,64,57,57,65,76,63,61,61,79,72,64,71,70,63,76,74,63,67,59,53,79,63,66,60,69,62,66,76,77,64,79,88,77,67,64,67,63,47,40,40,59,55,62,71,77,56,40,35,41
,Monaco,43.7333,7.4167,60,70,72,62,59,69,76,54,56,59,62,53,71,70,78,77,77,75,53,41,39,51,68,63,75,80,74,63,51,59,75,78,72,79,44,33,46,45,64,64,59,40,43,56,56,64,70,82,71,66,56,66,66,74,78,69,35,41,49,64,76,80,66,54,68,75,54,50,65,50,75,85,85,85,71,60,60,56,60,73,72,68,66,52,42,40
,Mongolia,46.8625,103.8467,48,48,42,52,64,59,59,65,54,55,71,60,52,48,52,56,56,43,49,53,56,54,54,46,46,40,47,56,56,56,47,49,46,51,50,46,56,50,50,39,31,33,56,59,56,38,34,48,62,60,64,48,38,46,79,73,72,64,65,71,60,69,54,47,57,51,59,72,53,52,74,60,51,47,39,41,32,34,39,56,45,25,27,36,42,27
,Montenegro,42.5,19.3,65,55,50,55,65,54,48,47,57,60,69,74,78,83,67,55,66,71,87,69,59,56,53,59,95,98,96,99,95,74,73,87,90,94,97,72,54,67,71,73,94,98,93,75,91,74,67,64,69,79,70,62,59,61,74,76,99,88,89,73,82,98,99,96,83,95,96,93,88,77,78,79,79,82,77,76,78,66,64,67,66,68,65,76,77,79
,Morocco,31.7917,-7.0926,38,44,49,52,55,55,38,35,46,48,64,45,37,39,31,26,24,18,48,87,65,69,60,56,64,70,51,35,33,33,34,30,19,18,18,18,24,46,55,39,28,21,31,39,28,27,24,25,32,59,46,33,20,13,13,22,23,23,22,38,52,56,48,26,39,71,38,17,18,17,13,19,33,57,64,80,73,73,81,86,88,71,70,90,81,71
,Namibia,-22.9576,18.4904,49,56,43,49,42,55,67,37,23,20,46,56,46,36,36,30,35,39,21,12,12,12,20,21,21,11,10,9,6,28,25,22,19,21,30,45,54,41,18,21,22,46,50,52,43,48,52,61,79,73,73,72,72,91,85,82,80,78,77,79,90,87,72,61,53,40,43,35,34,34,26,24,25,21,28,49,57,64,55,56,54,53,50,55,47,30
,Nepal,28.1667,84.25,44,56,82,82,76,62,78,79,77,66,68,71,68,54,50,71,97,68,61,56,59,55,61,69,67,79,79,65,59,65,65,70,71,63,65,60,64,56,59,51,51,57,67,69,70,66,73,74,68,68,68,72,64,60,59,81,90,73,59,56,60,69,67,70,60,63,86,57,54,60,59,42,54,73,70,51,47,64,68,71,71,75,65,54,65,51
Aruba,Netherlands,12.5186,-70.0358,77,76,76,77,76,79,83,81,78,75,77,74,76,78,77,80,81,80,78,77,81,82,81,81,78,78,84,81,80,78,79,81,81,80,79,78,77,77,78,76,81,79,78,81,82,81,80,81,80,84,84,81,78,79,76,76,82,80,78,78,74,75,74,73,76,76,75,74,76,75,75,76,77,75,76,76,78,72,76,75,76,76,76,78,76,76
Curacao,Netherlands,12.1696,-68.99,76,75,75,76,77,81,81,81,77,76,76,74,76,77,77,79,80,79,77,76,79,79,79,78,77,78,80,79,78,77,78,80,80,79,77,75,74,76,75,75,79,77,76,79,80,79,78,78,79,83,82,79,75,75,74,76,80,77,76,76,73,73,72,71,75,74,73,73,76,72,75,75,74,74,76,75,78,72,73,74,75,75,77,77,75,75
Sint Maarten,Netherlands,18.0425,-63.0548,82,79,79,76,76,72,72,75,76,77,72,74,75,73,76,75,75,75,75,80,81,77,75,82,80,78,79,78,77,76,76,77,76,73,73,76,78,76,76,73,76,75,75,77,74,76,79,77,78,75,74,72,72,75,70,71,76,78,74,77,79,76,71,72,74,75,75,76,69,70,71,74,76,77,75,71,75,75,76,74,74,77,77,76,76,71
,Netherlands,52.1326,5.2913,86,88,88,86,87,81,87,92,93,87,81,84,84,84,78,83,80,78,77,80,82,90,84,79,78,85,88,85,82,82,83,81,83,82,80,80,82,76,82,80,78,72,66,85,83,78,78,78,76,79,83,75,71,82,85,79,85,88,81,83,75,88,81,79,86,86,77,82,82,90,86,70,76,80,79,75,70,65,82,68,61,53,45,41,40,45
,New Zealand,-40.9006,174.886,88,94,85,73,85,66,63,63,76,79,82,90,89,67,66,69,73,77,86,85,89,92,96,94,91,95,98,98,96,89,88,85,96,97,94,80,75,73,81,72,81,86,85,88,80,82,85,98,99,96,88,91,92,77,75,77,81,88,88,90,75,85,91,87,65,71,78,78,90,88,79,72,77,79,83,84,74,71,84,84,88,93,92,70,79,84
,Nicaragua,12.8654,-85.2072,87,93,89,88,86,88,94,88,83,92,92,95,92,93,95,93,96,96,91,91,85,85,83,85,87,83,82,85,86,88,84,86,83,80,86,87,87,81,83,84,87,92,88,84,85,85,82,88,84,87,84,79,84,81,79,75,82,77,79,80,91,83,88,78,75,74,81,78,85,91,88,88,80,72,81,81,79,81,81,83,82,83,86,84,82,81
,Niger,17.6078,8.0817,25,22,28,28,24,23,23,26,38,36,33,32,30,21,28,26,28,35,32,27,23,18,16,15,12,11,9,11,11,9,12,13,13,11,14,17,17,16,14,14,13,11,13,12,11,10,10,17,20,20,20,22,16,16,17,18,16,16,13,9,10,12,11,8,6,9,8,5,4,6,6,9,17,15,16,15,8,6,6,7,8,16,12,11,13,8
,Nigeria,9.082,8.6753,20,20,26,30,31,34,34,28,24,27,30,28,23,22,16,13,15,23,30,27,23,16,12,7,7,9,13,12,9,8,8,12,12,15,15,15,15,16,14,20,20,13,15,19,18,13,13,13,30,17,17,17,16,11,10,16,16,17,18,14,30,55,38,21,12,9,19,22,12,28,51,23,9,10,9,15,12,19,23,32,60,59,66,76,73,69
,North Macedonia,41.6086,21.7453,64,66,56,47,68,61,56,47,52,57,65,89,83,80,74,69,73,72,75,68,62,54,54,57,69,82,89,79,83,72,64,67,73,73,72,85,69,71,76,78,81,84,78,71,86,73,71,69,65,66,76,59,61,59,60,64,61,57,72,55,56,63,60,82,67,66,89,88,81,80,68,64,63,61,82,77,57,48,45,46,55,65,78,90,92,90
,Norway,60.472,8.4689,68,70,71,64,79,85,76,78,72,65,71,73,70,76,76,73,87,82,72,83,72,65,77,71,74,78,84,82,86,75,79,80,69,71,71,73,79,70,81,79,74,71,70,68,73,79,78,75,74,74,81,74,79,69,70,75,72,74,72,79,83,82,86,82,75,67,71,86,78,84,74,72,65,64,80,78,72,73,73,69,65,67,61,55,80,83
,Oman,21.0,57.0,38,39,54,63,69,66,40,45,64,71,72,38,48,49,43,50,46,51,61,60,47,60,66,66,61,47,47,49,40,42,25,50,57,48,34,37,57,60,51,59,60,63,50,39,48,38,34,53,60,54,54,68,68,62,56,50,54,42,31,44,40,56,48,26,35,51,50,50,45,32,42,47,36,38,53,60,60,57,60,60,57,64,56,31,26,22
,Pakistan,30.3753,69.3451,47,53,56,50,74,90,71,39,34,47,52,79,73,62,61,46,40,39,40,55,67,63,44,57,65,59,68,55,44,49,46,34,47,60,50,55,35,23,32,45,53,50,50,41,17,15,12,11,15,23,37,56,57,54,50,36,28,41,61,56,62,54,59,66,80,80,60,43,60,60,91,89,72,56,56,54,52,47,44,52,56,60,85,67,62,78
,Panama,8.538,-80.7821,100,99,95,98,94,98,98,97,98,99,97,98,99,99,99,99,99,98,99,100,99,97,97,100,100,100,97,96,99,99,93,94,95,100,97,99,97,91,92,97,97,95,99,98,99,98,99,99,99,99,99,99,100,98,90,87,85,91,95,94,94,90,93,95,90,91,97,96,91,92,91,89,92,90,90,93,91,88,95,94,93,95,95,94,92,92
,Papua New Guinea,-6.315,143.9555,100,100,100,100,97,100,99,99,98,99,97,94,95,91,87,90,74,82,81,92,95,100,96,98,100,97,94,94,97,98,86,99,94,92,92,94,94,98,98,90,91,90,91,95,91,84,84,90,83,82,87,93,98,97,99,98,96,98,96,97,100,99,98,98,98,100,99,100,100,98,98,99,89,91,96,96,100,99,99,99,98,98,98,99,99,97
,Paraguay,-23.4425,-58.4438,63,65,53,56,50,50,50,75,75,65,60,62,70,79,68,56,63,80,69,66,59,66,88,85,68,55,49,49,48,69,93,73,71,72,67,63,69,64,79,69,65,67,55,62,64,61,61,55,53,49,69,72,53,40,47,49,62,69,42,46,46,45,49,50,45,37,37,36,37,40,36,36,37,45,44,41,55,62,61,87,62,53,49,50,45,51
,Peru,-9.19,-75.0152,80,93,90,85,85,85,79,86,76,68,71,71,66,70,70,89,76,78,87,79,74,74,90,94,87,77,70,65,81,97,81,86,81,73,89,89,83,88,95,76,94,96,90,82,78,89,86,85,70,77,81,72,82,99,83,75,80,90,93,86,85,95,73,76,85,77,84,74,89,87,79,78,75,73,73,77,82,93,91,78,93,95,97,91,84,71
,Philippines,13.0,122.0,86,90,85,88,88,87,94,92,85,84,82,83,87,88,88,93,90,94,85,82,75,79,79,91,93,92,89,85,84,81,86,82,80,74,78,86,88,94,89,90,81,79,80,87,86,85,84,83,84,85,82,82,81,86,86,83,88,88,83,82,80,82,85,86,84,91,92,89,91,88,89,84,83,84,83,86,88,83,87,86,85,85,83,81,78,77
,Poland,51.9194,19.1451,82,66,66,85,74,83,77,82,89,86,82,75,79,74,59,76,77,81,83,77,69,84,84,76,75,73,77,82,84,86,84,85,82,86,88,69,82,64,52,66,75,77,68,69,87,78,61,56,70,73,81,77,66,82,80,85,85,80,79,71,65,85,82,75,69,75,86,75,67,73,75,77,66,59,43,43,68,66,71,78,63,56,46,48,48,51
,Portugal,39.3999,-8.2245,80,85,85,79,76,76,77,69,81,70,67,71,78,84,91,85,84,89,68,43,55,77,91,89,90,87,95,92,88,92,97,94,88,83,82,70,73,83,94,84,87,85,86,87,81,79,83,81,68,65,70,65,56,53,61,80,69,75,64,82,93,79,85,86,81,68,67,78,72,68,67,73,77,68,73,59,55,60,59,94,84,75,74,66,68,74
,Qatar,25.3548,51.1839,65,63,61,34,75,64,67,62,69,88,61,53,49,45,54,66,65,64,50,64,57,59,73,57,52,52,59,66,62,49,55,52,60,57,63,60,47,31,47,56,51,54,53,64,64,57,64,61,46,41,48,61,57,69,56,52,49,55,60,59,50,57,51,48,54,52,42,46,54,57,53,40,42,36,30,47,61,56,57,53,67,67,44,45,42,54
,Romania,45.9432,24.9668,85,78,72,72,89,77,67,66,69,79,81,85,80,72,74,69,72,59,70,73,72,71,78,65,60,81,81,87,83,80,73,87,80,87,87,87,60,82,59,59,68,76,72,71,62,83,68,65,70,82,81,76,79,62,67,56,61,87,73,78,60,67,61,65,86,73,67,87,89,86,77,68,64,60,56,30,34,51,51,55,56,87,76,45,34,43
,Russia,60.0,90.0,71,84,88,77,81,78,75,83,73,66,64,66,69,77,78,82,73,71,69,59,63,63,71,89,88,71,68,79,77,55,56,51,53,59,64,73,81,76,77,78,63,64,70,70,71,77,74,75,79,74,81,84,85,80,69,68,70,70,75,76,73,70,73,77,74,66,56,73,83,78,75,83,82,71,85,89,62,71,71,81,89,90,66,57,78,78
,Rwanda,-1.9403,29.8739,73,67,68,78,79,80,82,89,82,84,87,91,86,79,75,77,83,81,86,74,71,74,82,91,77,71,81,99,96,87,87,99,95,91,92,94,96,79,71,63,51,55,67,72,62,81,76,73,79,79,79,75,76,74,81,86,84,78,94,85,86,93,87,94,89,84,78,85,91,92,90,89,94,83,75,85,89,97,92,84,95,83,83,82,89,80
,Saint Lucia,13.9094,-60.9789,78,80,80,81,81,84,82,77,80,81,77,82,81,81,81,81,81,80,84,77,80,80,89,84,83,84,77,78,80,84,82,81,81,80,79,77,80,78,77,80,81,79,81,83,78,78,76,82,85,85,84,77,76,74,84,86,80,81,79,78,77,76,75,81,77,73,78,75,75,75,80,79,78,83,84,79,76,77,78,78,79,82,81,77,78,77
,Saint Vincent and the Grenadines,12.9843,-61.2872,81,81,81,80,79,82,85,80,82,82,79,82,82,81,83,82,82,82,84,79,83,83,87,87,87,84,82,79,84,85,84,85,84,84,80,78,81,81,79,78,81,81,82,84,81,79,79,79,84,89,87,77,77,75,86,87,83,81,81,81,78,78,79,81,79,76,78,82,78,79,82,79,81,84,87,84,81,80,81,80,82,84,84,80,79,80
,San Marino,43.9424,12.4578,65,76,71,85,73,71,80,75,62,80,86,82,83,78,83,85,83,93,84,80,81,83,82,86,96,95,89,74,68,75,85,86,86,86,63,41,38,37,69,71,71,60,57,63,75,61,63,72,88,88,69,62,69,68,78,74,65,64,51,44,81,74,75,91,71,73,92,73,67,72,57,76,81,83,66,66,76,69,68,74,78,82,53,56,81,95
,Saudi Arabia,24.0,45.0,48,40,41,51,48,47,55,56,28,28,44,46,30,28,28,27,37,20,40,41,41,34,37,31,34,39,41,22,22,30,28,35,25,16,28,34,31,26,40,23,32,41,31,18,14,9,8,7,5,9,30,33,31,42,38,23,23,32,23,24,15,20,16,10,13,17,11,19,30,23,14,14,8,22,30,35,32,24,10,23,6,13,15,8,10,11
,Senegal,14.4974,-14.4524,6,5,5,6,7,8,8,8,6,6,7,5,5,9,6,4,4,6,7,9,10,9,11,20,14,9,7,5,5,6,5,5,18,25,5,3,4,4,4,6,6,5,12,10,6,7,6,5,4,5,6,7,11,18,13,4,5,5,4,2,2,3,3,3,3,4,4,8,4,5,6,4,5,6,16,13,8,16,18,12,11,10,18,27,11,9
,Serbia,44.0165,21.0059,86,83,71,71,85,76,69,65,68,64,76,84,79,75,74,77,76,70,79,79,72,67,72,61,69,77,92,82,82,79,62,70,78,74,80,89,60,77,65,67,68,88,72,69,84,81,74,63,73,67,82,67,67,60,63,56,59,82,81,64,56,51,54,92,66,67,80,88,82,92,73,66,61,56,66,52,48,50,45,45,46,59,47,79,72,72
,Seychelles,-4.6796,55.492,81,81,80,84,82,82,84,81,83,84,88,83,85,87,86,86,89,93,89,87,81,81,83,85,84,83,84,86,86,90,87,87,85,85,82,77,84,81,86,86,86,83,83,79,77,78,82,82,80,83,84,82,82,85,83,89,83,82,84,89,81,85,81,82,88,84,83,81,79,76,76,76,77,78,75,78,77,75,75,76,78,76,85,84,80,82
,Singapore,1.2833,103.8333,76,83,82,80,79,80,83,80,81,81,79,78,75,75,79,79,76,81,81,80,87,81,79,73,74,77,80,81,87,80,75,77,79,73,72,75,74,72,70,85,85,85,83,80,80,77,79,76,81,76,78,82,79,78,83,77,76,75,75,72,73,76,77,78,85,80,82,80,79,80,80,77,77,78,77,76,72,76,75,76,78,82,83,79,78,79
,Slovakia,48.669,19.699,76,47,59,91,76,66,70,78,88,79,89,88,90,85,80,82,87,81,82,80,72,68,75,72,73,75,89,95,91,88,95,96,92,98,93,71,71,83,74,71,90,85,80,82,91,89,89,90,87,86,79,84,79,95,76,84,92,75,85,82,91,93,99,95,80,98,89,82,81,76,96,85,69,62,47,55,61,69,71,75,92,54,57,49,51,53
,Slovenia,46.1512,14.9955,80,70,68,72,71,67,61,67,62,78,82,80,76,78,83,78,84,85,80,76,76,62,73,67,82,93,89,90,87,80,77,82,83,82,79,54,45,56,71,71,83,86,82,75,73,75,74,74,89,79,65,56,60,72,82,85,93,72,56,60,86,85,88,78,72,92,80,67,71,71,67,69,88,78,57,54,56,66,67,66,75,62,36,52,74,82
,Somalia,5.1521,46.1996,63,61,56,54,62,62,64,56,53,59,59,67,64,59,49,38,44,54,54,54,57,61,59,63,62,60,56,55,52,50,51,54,56,53,53,52,45,48,51,53,60,61,55,49,55,57,60,54,60,59,60,56,56,56,56,62,50,52,48,50,52,53,53,50,54,57,55,57,63,53,51,56,56,57,61,64,55,56,63,61,57,56,62,64,66,82
,South Africa,-30.5595,22.9375,28,20,30,24,16,22,52,68,45,41,33,32,38,30,18,15,20,44,44,35,20,37,37,33,28,31,27,11,6,24,12,28,39,28,31,36,47,56,57,56,36,32,34,36,12,22,56,56,69,67,65,51,31,40,33,31,47,74,57,55,65,61,45,36,32,34,24,28,39,70,65,61,54,43,35,48,56,61,35,17,28,34,44,19,21,38
,Spain,40.0,-4.0,71,72,82,70,69,62,61,59,73,61,64,63,68,72,75,69,73,84,55,38,61,74,76,79,85,82,78,82,81,79,83,83,86,81,74,56,76,77,83,82,82,83,83,81,79,75,77,83,70,61,57,46,40,43,46,61,59,60,54,68,75,63,74,76,70,56,50,62,56,50,57,53,60,65,65,80,77,67,65,69,79,76,80,71,65,48
,Sri Lanka,7.0,81.0,94,97,94,93,89,93,93,98,88,79,95,97,94,88,83,90,96,95,95,97,98,100,100,98,96,91,82,73,75,69,70,80,88,95,94,98,92,90,82,81,86,94,100,100,99,94,92,90,75,80,92,99,98,100,96,95,91,86,86,89,87,88,74,62,72,93,94,91,85,84,71,80,74,70,83,90,96,93,89,75,71,67,71,69,78,76
,Sudan,12.8628,30.2176,19,15,12,16,17,11,12,10,14,17,18,12,20,12,18,14,16,20,26,13,12,15,13,13,13,16,18,14,13,12,18,16,13,12,8,8,9,8,10,10,10,14,11,10,13,13,21,18,15,17,17,11,9,9,12,16,10,11,10,7,7,7,6,5,5,9,7,5,4,4,7,21,25,16,12,7,7,8,7,4,3,5,5,4,7,6
,Suriname,3.9193,-56.0278,83,82,76,76,78,72,77,74,86,80,87,79,86,90,95,90,91,88,85,80,84,85,71,67,66,78,87,89,88,82,83,95,76,66,75,84,85,76,69,67,72,69,96,84,86,80,71,89,80,78,74,75,75,74,92,93,84,69,66,65,69,68,70,68,79,82,66,70,70,64,64,64,64,64,64,70,65,76,71,72,85,72,72,73,80,68
,Sweden,63.0,16.0,72,63,71,62,74,83,84,80,67,71,72,80,68,86,84,83,84,93,79,77,64,69,74,71,70,80,90,93,88,90,86,87,77,77,79,76,74,87,80,84,86,74,81,79,78,82,87,77,72,78,81,79,82,71,67,77,74,73,75,75,78,78,78,83,80,77,78,84,79,82,88,82,60,57,72,59,68,65,66,59,56,57,60,49,63,78
,Switzerland,46.8182,8.2275,63,72,77,100,76,69,78,56,66,82,81,56,56,56,70,77,78,98,92,59,63,53,52,62,85,88,84,91,99,79,99,94,99,93,94,87,70,70,73,76,85,94,85,83,92,68,65,86,95,94,81,88,73,80,81,78,96,93,83,86,96,91,92,89,94,98,94,81,99,98,97,90,100,99,83,85,89,89,86,86,99,98,75,64,76,77
,Taiwan*,23.7,121.0,86,63,68,75,73,71,62,54,68,79,73,77,71,41,62,52,74,76,74,64,49,52,71,73,82,96,73,98,89,67,32,47,68,76,86,86,77,77,73,81,85,85,79,67,83,75,81,95,87,71,66,69,62,81,74,79,77,84,84,88,80,75,83,91,100,93,87,78,63,97,94,95,88,100,96,75,87,91,95,92,75,76,79,92,85,87
,Tanzania,-6.369,34.8888,83,72,68,72,69,77,84,79,87,94,93,95,86,83,91,93,90,89,82,79,76,83,92,93,97,92,87,97,94,90,91,96,94,93,84,93,92,79,71,68,72,82,88,88,98,93,86,79,78,74,73,82,83,77,79,94,90,88,94,87,89,93,95,97,89,91,88,87,92,87,89,93,91,87,82,88,94,93,93,83,77,81,87,87,86,85
,Thailand,15.0,101.0,63,64,59,60,59,56,51,51,54,53,56,59,59,61,56,57,56,48,50,52,53,55,62,62,67,57,56,56,56,55,49,53,47,52,62,61,63,60,46,47,52,50,56,64,62,47,53,48,48,50,50,46,45,47,41,36,45,39,48,66,63,67,65,61,72,72,65,52,49,47,47,50,54,56,73,69,63,66,60,63,66,57,56,56,59,55
,Togo,8.6195,0.8248,13,13,13,18,24,32,34,28,27,34,65,62,42,26,19,22,21,23,24,28,31,30,20,12,7,7,13,15,14,5,7,10,8,7,9,12,12,12,11,15,30,13,8,12,13,10,10,20,43,24,35,27,21,24,11,10,19,42,40,30,40,66,68,61,46,59,56,60,71,68,71,55,69,76,53,55,56,61,64,68,72,74,81,88,81,73
,Trinidad and Tobago,10.6918,-61.2225,81,76,81,83,83,86,91,85,85,88,86,85,86,89,89,96,89,90,90,95,91,83,81,80,91,87,83,81,88,87,85,85,84,78,79,80,79,78,80,85,86,80,86,81,83,85,78,85,94,92,85,79,84,80,86,90,81,79,80,77,75,74,78,78,81,84,76,77,76,79,77,75,77,79,81,93,88,79,78,78,78,87,78,80,81,77
,Tunisia,34.0,9.0,57,57,55,49,61,63,64,63,59,77,69,69,64,63,65,63,59,57,54,52,46,60,59,61,48,46,62,64,54,42,43,49,59,56,45,43,45,45,36,30,32,25,17,28,32,65,67,71,57,56,51,54,52,57,54,38,30,44,38,32,22,40,36,24,33,39,41,40,41,45,54,49,38,37,55,69,74,72,69,72,67,59,62,70,70,43
,Turkey,38.9637,35.2433,91,81,74,86,82,65,60,75,72,73,65,63,74,56,60,56,65,64,59,70,74,69,64,67,54,51,51,67,82,82,84,85,85,79,92,80,78,91,71,70,66,64,91,93,72,69,78,76,74,79,77,85,91,89,79,66,49,56,65,79,75,59,51,47,43,56,59,47,44,36,43,44,70,70,73,91,81,83,85,87,79,71,57,64,78,73
,Uganda,1.0,32.0,55,59,56,60,68,69,65,70,69,61,50,51,67,54,49,48,64,56,53,53,47,47,43,40,42,56,70,84,92,78,82,79,71,75,77,84,82,66,56,47,43,46,46,39,56,64,65,63,61,69,73,69,68,62,51,59,55,54,73,69,76,74,73,73,72,66,64,63,89,78,75,75,73,76,79,80,76,88,86,77,79,85,76,77,91,88
,Ukraine,48.3794,31.1656,78,77,80,78,87,78,69,76,79,87,83,74,75,80,78,84,82,73,75,72,70,69,64,64,66,78,79,82,88,78,77,86,84,83,77,87,61,66,64,70,74,82,79,76,70,75,69,64,77,73,72,72,66,66,80,69,74,79,68,64,64,73,74,71,68,72,73,84,72,76,69,60,65,64,52,48,49,56,60,55,71,78,50,42,39,42
,United Arab Emirates,24.0,54.0,57,80,56,35,51,70,65,61,55,77,80,70,70,57,61,57,63,54,43,57,65,56,59,75,65,60,62,69,69,64,61,60,55,66,67,71,73,67,50,34,62,67,61,69,72,75,74,55,42,44,28,68,77,71,61,39,45,56,71,74,65,57,67,59,65,66,63,56,65,63,55,57,48,23,12,37,54,46,45,54,60,64,45,54,52,59
Bermuda,United Kingdom,32.3078,-64.7505,86,83,65,65,81,79,67,61,74,64,69,72,74,78,74,77,86,72,63,67,84,67,72,81,87,88,85,77,80,68,68,63,69,81,70,75,79,80,87,85,76,71,87,91,90,87,86,82,79,82,89,92,89,75,67,56,54,74,83,73,71,67,62,61,77,87,92,74,66,61,61,69,73,76,78,82,75,69,72,79,80,79,82,87,82,86
Cayman Islands,United Kingdom,19.3133,-81.2546,75,77,80,79,78,79,73,71,73,78,79,77,76,79,77,72,78,78,71,77,77,77,68,63,66,66,70,68,70,71,72,74,77,74,74,80,79,75,77,77,76,78,79,79,77,78,76,75,76,79,79,78,77,75,75,78,77,77,73,79,69,70,79,80,81,77,78,79,71,74,75,72,73,76,79,76,74,74,76,76,77,76,76,75,71,72
Channel Islands,United Kingdom,49.3723,-2.3644,88,85,81,72,72,82,89,93,90,72,77,81,85,90,80,84,76,69,69,68,69,78,78,80,87,89,84,67,77,93,92,92,94,88,69,75,72,80,80,84,74,71,75,81,83,87,83,73,76,81,78,73,86,93,90,75,68,77,84,76,75,76,70,86,88,75,81,82,80,93,93,69,75,86,84,71,71,81,85,87,80,74,71,71,62,63
Gibraltar,United Kingdom,36.1408,-5.3536,75,80,77,76,75,76,79,83,74,77,71,75,78,78,75,80,77,86,73,76,76,85,83,88,81,79,74,79,78,71,65,79,88,82,82,87,76,80,87,84,84,77,79,81,84,85,80,79,87,83,81,79,78,78,76,73,74,69,78,77,79,77,72,76,80,69,57,73,56,69,65,63,74,85,87,63,74,87,84,85,81,88,88,85,76,79
Isle of Man,United Kingdom,54.2361,-4.5481,83,89,79,83,87,87,89,77,88,85,92,86,82,84,74,88,81,77,79,82,90,94,95,90,89,86,80,82,84,88,90,81,92,76,77,82,87,80,83,91,75,73,77,90,88,91,80,77,81,87,84,88,78,79,91,84,78,78,91,83,74,77,83,88,87,86,89,85,88,88,84,77,82,92,82,79,92,80,76,72,69,71,73,81,84,85
Montserrat,United Kingdom,16.7425,-62.1874,80,79,81,79,80,80,79,79,82,80,77,81,80,78,81,79,80,81,84,83,78,83,81,81,84,82,82,78,78,77,80,78,81,80,78,78,82,80,79,78,81,79,80,81,79,83,84,84,83,80,80,78,78,79,73,81,83,84,77,79,80,79,76,80,81,76,78,83,75,74,80,79,80,80,80,81,73,74,80,80,80,82,86,84,86,79
,United Kingdom,55.3781,-3.4360000000000004,92,96,87,93,95,93,94,89,94,92,96,91,92,92,87,94,89,83,82,87,93,96,94,95,94,94,89,94,94,93,95,93,95,89,86,89,91,77,91,93,89,90,87,93,93,95,88,92,91,94,92,95,86,91,94,93,89,87,95,94,92,91,90,89,85,89,96,92,93,93,93,92,88,94,93,87,93,86,82,77,72,72,71,79,86,86
,Uruguay,-32.5228,-55.7658,89,83,73,71,70,63,60,48,50,64,73,67,47,50,63,86,53,48,55,61,70,84,75,70,66,55,64,57,61,68,86,67,67,59,63,62,62,63,62,78,61,57,63,65,59,83,77,75,81,73,66,54,52,60,67,61,55,54,54,50,56,51,59,57,63,60,62,59,61,52,81,64,59,64,69,83,67,64,92,77,71,61,63,66,73,70
,US,37.0902,-95.7129,54,56,81,70,46,51,60,49,45,78,92,76,80,85,87,82,59,91,65,59,56,65,86,87,76,77,77,77,82,81,78,77,63,52,46,78,78,67,70,66,73,67,66,84,51,52,66,78,86,63,59,66,52,52,81,89,83,66,60,61,55,66,68,54,55,49,43,42,53,83,76,74,71,51,83,81,89,83,87,82,63,62,87,85,84,76
,Uzbekistan,41.3775,64.5853,75,76,73,77,74,71,66,66,75,63,68,72,72,65,70,76,67,62,70,75,72,68,68,81,84,67,71,60,59,66,64,57,50,84,73,60,69,59,34,54,74,52,84,67,59,75,65,63,62,59,53,66,76,71,65,57,73,61,56,67,66,60,54,53,53,50,46,39,45,51,40,32,28,41,31,32,41,42,40,49,60,56,41,20,23,25
,Venezuela,6.4238,-66.5897,77,78,73,71,74,72,70,74,76,75,75,74,73,72,78,82,86,80,83,80,83,80,76,70,68,65,67,74,74,71,76,81,77,74,67,65,69,69,66,66,68,62,71,72,72,79,63,57,67,73,68,64,71,68,77,77,74,69,65,66,70,77,69,62,53,60,71,75,70,61,65,69,73,80,79,74,69,68,72,71,70,66,70,76,73,68
,Vietnam,16.0,108.0,100,100,100,100,100,96,98,100,100,97,98,97,99,92,90,93,94,93,100,95,94,92,93,91,92,99,98,100,100,100,100,99,91,92,92,92,87,88,96,100,100,100,96,93,89,82,89,100,100,100,100,100,100,96,90,91,92,93,92,91,90,93,94,98,100,96,89,82,67,77,100,93,85,96,94,93,92,91,95,97,92,92,89,87,88,91
,Zambia,-15.4167,28.2833,83,78,88,81,87,84,87,84,93,92,95,94,94,93,99,99,97,98,90,89,99,90,81,72,72,66,62,77,71,88,97,88,80,77,80,87,90,94,92,94,89,89,94,93,95,92,86,92,89,88,87,84,81,83,98,96,85,81,84,88,81,85,90,95,93,82,83,84,82,80,79,79,84,74,86,88,86,82,82,80,76,82,77,76,73,70
,Zimbabwe,-20.0,30.0,56,53,45,35,37,35,54,75,72,70,93,91,82,85,92,90,86,85,93,99,85,74,65,69,66,50,53,83,63,56,59,59,54,54,71,72,81,78,92,85,95,99,97,90,84,88,95,83,71,72,64,61,71,80,96,82,72,65,56,94,85,81,90,83,79,77,88,85,76,71,68,71,75,67,55,67,89,85,67,62,60,56,59,59,50,42
Diamond Princess,Canada,0.0,0.0,81,83,83,73,69,75,83,80,80,82,83,80,81,83,83,86,89,87,87,84,88,87,86,85,84,83,84,84,84,86,84,83,84,84,84,83,84,82,84,83,83,82,84,80,81,87,85,82,80,83,86,85,87,86,84,83,84,86,88,87,86,84,83,85,83,85,89,85,85,84,83,84,89,86,85,84,84,85,82,81,80,81,86,85,82,77
,Dominica,15.415,-61.371,81,80,83,86,85,87,81,81,81,81,81,84,81,81,83,82,81,83,86,79,79,85,86,82,83,82,80,77,78,83,82,81,81,81,81,79,79,82,81,84,83,80,82,82,81,83,83,84,84,83,83,78,78,78,82,87,83,84,77,79,81,81,80,82,80,76,80,82,76,77,83,81,82,80,82,80,79,78,80,81,82,83,85,85,84,81
,Grenada,12.1165,-61.679,78,77,79,78,77,79,84,81,79,80,78,79,80,79,81,80,79,80,82,78,81,81,79,83,83,83,81,78,82,84,82,83,82,80,77,75,79,81,76,77,79,78,80,81,79,79,77,79,80,86,85,77,77,78,84,85,80,79,80,78,75,76,77,79,78,76,74,78,77,77,77,76,78,80,85,84,81,79,78,78,79,80,80,77,77,77
,Mozambique,-18.665695,35.529562,78,79,80,82,85,81,83,77,75,78,86,83,90,87,94,97,98,91,93,99,94,88,84,84,86,79,79,91,87,79,84,90,93,95,92,83,81,86,88,93,91,95,99,94,93,87,84,82,82,85,89,86,82,83,98,95,92,83,82,93,92,89,84,82,79,85,98,95,96,94,94,87,84,80,81,87,79,95,86,83,81,84,91,82,78,74
,Syria,34.802075,38.99681500000001,70,74,67,78,82,77,63,75,84,81,64,71,63,44,54,71,77,74,75,79,81,64,66,72,63,64,73,71,72,72,68,54,57,62,64,65,60,70,66,35,36,33,61,77,63,52,69,84,82,88,66,66,74,74,72,59,50,59,56,62,68,60,64,60,45,42,60,53,45,40,39,37,59,86,76,61,57,67,66,62,60,48,46,37,55,56
,Timor-Leste,-8.874217,125.727539,94,96,97,98,94,94,89,91,86,87,92,93,91,94,94,97,99,97,94,89,88,91,94,96,96,97,95,96,92,93,98,98,99,99,88,91,95,97,98,98,99,99,99,99,97,98,95,96,95,96,99,99,98,95,96,89,94,93,95,100,98,94,97,97,98,98,98,99,99,100,99,99,94,83,88,89,95,87,91,93,99,93,87,83,88,97
,Belize,13.1939,-59.5432,76,77,75,76,77,80,81,76,77,80,74,81,76,78,79,76,77,78,82,75,80,79,85,83,82,81,80,74,82,82,79,81,79,77,77,74,78,77,73,74,76,78,81,79,76,73,74,75,79,85,81,74,75,75,84,80,79,76,76,75,74,77,74,79,71,70,72,75,71,76,75,74,78,78,89,80,76,74,75,77,80,82,79,75,73,75
Recovered,Canada,0.0,0.0,81,82,83,73,69,75,83,80,80,82,83,80,81,83,83,86,89,87,87,84,88,87,86,85,84,83,84,84,84,86,84,83,84,84,84,83,84,82,84,83,83,82,84,80,81,87,85,82,80,83,86,85,87,86,84,83,84,86,88,87,86,84,83,85,83,85,89,85,85,84,83,84,89,86,85,84,84,85,82,81,80,81,86,85,82,77
,Laos,19.85627,102.495496,82,83,80,80,80,76,74,72,70,69,67,72,75,75,71,63,65,68,70,76,73,70,60,63,61,61,74,72,74,77,86,77,70,67,66,83,74,69,71,75,70,65,65,53,45,45,41,70,69,70,67,64,64,63,62,57,56,61,60,61,61,69,75,83,85,75,65,49,44,42,57,49,43,43,70,73,70,61,59,65,68,60,65,65,74,63
,Libya,26.3351,17.228331,63,61,61,59,56,50,54,54,56,63,56,59,51,66,64,65,60,54,49,45,54,56,50,39,37,23,12,25,51,32,28,33,28,35,49,42,45,35,49,50,48,36,20,14,21,35,52,60,54,56,48,49,51,51,49,47,32,20,35,33,28,21,14,17,24,24,18,17,27,24,49,57,46,30,20,14,34,34,21,16,25,18,14,37,25,14
,West Bank and Gaza,31.9522,35.2332,86,91,73,87,94,73,71,87,99,98,88,89,95,87,69,50,88,100,98,99,98,93,93,90,79,79,73,78,96,90,82,87,96,89,93,81,63,93,91,93,94,92,90,78,74,66,90,87,74,94,93,79,96,85,91,96,94,77,60,82,92,87,64,47,40,81,92,69,42,82,60,54,97,100,94,83,93,92,93,95,92,85,56,65,81,57
,Guinea-Bissau,11.8037,-15.1804,28,26,30,26,24,17,18,16,17,13,22,30,15,20,20,16,12,21,38,41,44,35,27,28,43,35,14,64,63,47,27,35,70,69,44,21,47,45,17,15,37,61,57,40,35,35,63,51,57,66,60,56,50,52,41,61,41,57,63,46,43,56,61,52,56,61,64,68,65,60,61,46,44,20,19,28,38,50,50,41,33,35,36,43,50,44
,Mali,17.570692,-3.996166000000001,8,8,12,13,12,12,11,11,12,10,12,10,18,14,7,7,8,10,12,12,12,14,12,7,6,5,4,5,13,9,7,7,6,4,5,5,5,7,8,6,11,43,26,7,15,4,3,4,6,6,6,6,5,4,5,5,4,3,3,2,2,2,2,2,4,5,3,2,4,3,2,5,6,5,3,4,4,4,6,8,9,8,8,8,9,10
,Saint Kitts and Nevis,17.357822,-62.782998,87,85,85,84,85,80,83,83,86,84,80,83,83,82,85,83,83,84,84,90,85,86,84,88,86,86,85,84,81,82,82,82,82,82,83,83,85,84,84,81,84,83,82,85,82,85,88,89,86,83,81,80,80,82,76,78,82,89,81,81,84,82,78,81,84,81,82,84,78,76,81,82,83,83,83,81,80,80,83,83,84,85,87,85,89,81
Northwest Territories,Canada,64.8255,-124.8457,62,62,62,66,60,57,62,63,53,53,55,64,65,56,55,65,73,70,57,60,65,60,63,70,68,60,57,54,55,52,52,56,55,55,57,54,61,67,69,67,74,78,62,59,57,56,55,52,52,56,69,75,78,76,72,72,70,64,64,61,59,61,65,61,59,61,59,59,65,69,68,61,62,61,68,74,71,82,76,78,75,77,75,64,71,80
Yukon,Canada,64.2823,-135.0,88,89,81,71,60,65,66,61,54,54,59,62,65,62,60,63,60,51,39,56,63,68,75,73,63,59,67,74,80,78,85,82,69,63,60,65,81,86,89,85,86,80,71,69,57,59,55,57,56,67,85,88,91,91,84,78,73,75,67,64,62,74,80,69,63,56,53,67,77,84,75,64,61,68,71,81,86,86,88,89,87,87,84,77,88,91
,Kosovo,42.602636,20.902977,68,69,57,51,69,63,59,48,56,54,68,81,77,73,72,67,73,68,74,66,60,56,56,56,74,82,88,81,86,70,65,78,80,79,82,74,62,66,72,70,76,79,71,68,78,70,66,61,64,64,75,57,61,56,63,61,66,75,77,59,66,73,69,89,64,67,82,84,74,75,64,62,64,59,71,60,51,48,43,46,48,65,62,76,83,76
